{
"type": "FeatureCollection",
"name": "Sardegna",
"crs": { "type": "name", "properties": { "name": "urn:ogc:def:crs:OGC:1.3:CRS84" } },
"features": [
{ "type": "Feature", "properties": { "reg_name": "Sardegna", "reg_istat_code_num": 20, "reg_istat_code": "20" }, "geometry": { "type": "MultiPolygon", "coordinates": [ [ [ [ 8.337274041431094, 40.499325548777335 ], [ 8.33696873205551, 40.499170648459916 ], [ 8.336516225712353, 40.499582458456466 ], [ 8.336736624519522, 40.499971104752433 ], [ 8.337130128241553, 40.499558953701822 ], [ 8.337274041431094, 40.499325548777335 ] ] ], [ [ [ 8.300356189131584, 40.571723295400339 ], [ 8.300315452243236, 40.571664493238657 ], [ 8.299913050624081, 40.571734123885413 ], [ 8.299533991942383, 40.57183092198764 ], [ 8.299433130026786, 40.572014990845446 ], [ 8.299401509112377, 40.572073354501676 ], [ 8.299998442876076, 40.573176040058399 ], [ 8.300522557015356, 40.572197261533226 ], [ 8.30051353354604, 40.572071084533633 ], [ 8.300501650545659, 40.571935883212525 ], [ 8.300356189131584, 40.571723295400339 ] ] ], [ [ [ 8.151736175616309, 40.568801939474881 ], [ 8.151315617149743, 40.568778579893056 ], [ 8.15078935281549, 40.568940248325205 ], [ 8.150479613691409, 40.570195808931345 ], [ 8.150600927985977, 40.570761996030321 ], [ 8.150910889663482, 40.571474835019956 ], [ 8.150961574872436, 40.571554032374522 ], [ 8.151062108203337, 40.571661749315531 ], [ 8.151200905911791, 40.571779882185297 ], [ 8.152333476105156, 40.57213841126687 ], [ 8.152881058902855, 40.572278684691554 ], [ 8.153011654417657, 40.57222784377575 ], [ 8.153139211112382, 40.572066621374994 ], [ 8.153156177205195, 40.571657977952007 ], [ 8.153083823669325, 40.571306108705947 ], [ 8.151988420295947, 40.569057161035268 ], [ 8.151736175616309, 40.568801939474881 ] ] ], [ [ [ 8.140760987278775, 40.60542434982721 ], [ 8.141246709600434, 40.605337876268806 ], [ 8.14251120073811, 40.605356279997658 ], [ 8.143681716856934, 40.605328931457855 ], [ 8.143966860853018, 40.605213933022412 ], [ 8.144277594655962, 40.604945975542925 ], [ 8.144595958010127, 40.604542946776583 ], [ 8.14439213575664, 40.604190100302425 ], [ 8.144201938711285, 40.603927439649183 ], [ 8.140325016470323, 40.601743332357891 ], [ 8.138831845853279, 40.602050888965223 ], [ 8.137811290839029, 40.602599557107169 ], [ 8.137625865725708, 40.602887576446655 ], [ 8.138382025242905, 40.603830117778664 ], [ 8.139545734999459, 40.60525314857999 ], [ 8.140276533470658, 40.605411735981711 ], [ 8.140760987278775, 40.60542434982721 ] ] ], [ [ [ 8.367878425644696, 40.49643399192616 ], [ 8.366386747119821, 40.495687095469904 ], [ 8.365775857013892, 40.495395459350313 ], [ 8.365199438505824, 40.495203109513454 ], [ 8.364728797844691, 40.495056381213551 ], [ 8.364328364357849, 40.494973099780758 ], [ 8.363892530613565, 40.494889620315377 ], [ 8.363136653022453, 40.494957527987239 ], [ 8.362179748888497, 40.49506936612444 ], [ 8.361742659468998, 40.495274156835606 ], [ 8.361480390298166, 40.495398832345174 ], [ 8.34832840700072, 40.503343304427055 ], [ 8.339214630337894, 40.509170949178085 ], [ 8.326389193949668, 40.530393753562201 ], [ 8.325932888095778, 40.531304360028919 ], [ 8.325223366871439, 40.532885769555087 ], [ 8.321985711806656, 40.543672862757404 ], [ 8.318742959000597, 40.550051144986092 ], [ 8.312841063468094, 40.559882680218237 ], [ 8.314724639874781, 40.560527420530946 ], [ 8.315292796325702, 40.561633430851238 ], [ 8.317948502503185, 40.567093286564557 ], [ 8.317990328679114, 40.567191503488694 ], [ 8.318030311443135, 40.567325744782273 ], [ 8.318061579593449, 40.56788221928749 ], [ 8.318021141299518, 40.569683728213441 ], [ 8.317966530293333, 40.570699141317561 ], [ 8.317828694173892, 40.571330066737431 ], [ 8.317766858492931, 40.571456950117174 ], [ 8.317339213491517, 40.572123321586318 ], [ 8.316324158730012, 40.573625157095485 ], [ 8.316114312447917, 40.573929084683776 ], [ 8.306795060562617, 40.585579247957227 ], [ 8.306703954493912, 40.585676672618042 ], [ 8.306309950610389, 40.58606956397356 ], [ 8.305799783977818, 40.586554095920484 ], [ 8.304449885279823, 40.587679946829411 ], [ 8.303115706487915, 40.588710159103236 ], [ 8.299374541295133, 40.591078212665913 ], [ 8.29894522855483, 40.591308708056573 ], [ 8.29504269845517, 40.59297859190422 ], [ 8.293739424803334, 40.593434576659796 ], [ 8.29196454314366, 40.593923694471329 ], [ 8.287542634456695, 40.595086777355498 ], [ 8.287001009053297, 40.595175773267037 ], [ 8.286783793802481, 40.59518118968942 ], [ 8.273487342853398, 40.591729067548229 ], [ 8.268754864212136, 40.590197003399275 ], [ 8.268363770851769, 40.590028993445799 ], [ 8.268094845707019, 40.589901167896301 ], [ 8.258458227321221, 40.584256562239737 ], [ 8.251112169495576, 40.584461410439523 ], [ 8.250918968577487, 40.584435385386421 ], [ 8.250832043051293, 40.584415678009442 ], [ 8.247188027499845, 40.582456241377379 ], [ 8.246701670384827, 40.582099479071303 ], [ 8.246204236618979, 40.581677327921895 ], [ 8.24589615977413, 40.581360013649309 ], [ 8.245667874110575, 40.58103984044152 ], [ 8.245648564249642, 40.580918096795841 ], [ 8.245701077001639, 40.578084074271523 ], [ 8.245760817771364, 40.57802478300335 ], [ 8.244879067774072, 40.573957217860624 ], [ 8.243817490863893, 40.569869324548421 ], [ 8.232497073486009, 40.569220361488973 ], [ 8.216392517850116, 40.570463546115072 ], [ 8.207392505248341, 40.570788391736862 ], [ 8.203534142510954, 40.570511862119481 ], [ 8.198149257364026, 40.57119417884379 ], [ 8.198022602764979, 40.571289016930059 ], [ 8.197919230684601, 40.571783776302269 ], [ 8.197898703241435, 40.571895118223829 ], [ 8.197746712653766, 40.575718255406052 ], [ 8.197744775833653, 40.575880397035974 ], [ 8.197884988850893, 40.576258610984347 ], [ 8.198028266788393, 40.576503966741711 ], [ 8.20048500294363, 40.580040017737581 ], [ 8.200576714343216, 40.580152134984026 ], [ 8.200673124600653, 40.580241761871015 ], [ 8.201024033480049, 40.580416482105228 ], [ 8.216851907866943, 40.594132495222567 ], [ 8.217501928488328, 40.594763004795517 ], [ 8.217899002424746, 40.59542332608283 ], [ 8.218285872328943, 40.596452935283637 ], [ 8.219409378042942, 40.600451372265674 ], [ 8.219509245839474, 40.601010586021452 ], [ 8.219364178728609, 40.601796737446868 ], [ 8.218699349536559, 40.603572577362648 ], [ 8.212166442153942, 40.612347670688301 ], [ 8.21024628586491, 40.614289429885055 ], [ 8.209754541321065, 40.614763524246023 ], [ 8.209419552584746, 40.614976312756816 ], [ 8.208827569371433, 40.615303326254491 ], [ 8.207230551276963, 40.61614594447861 ], [ 8.206561713066503, 40.616472418654936 ], [ 8.20521301136114, 40.616931594051145 ], [ 8.204520304566065, 40.617150914586432 ], [ 8.203544669345986, 40.617426834898581 ], [ 8.202352095294611, 40.617677603669776 ], [ 8.200325920882365, 40.618063349326953 ], [ 8.199518856640108, 40.618204148704351 ], [ 8.19733997187665, 40.618505453703278 ], [ 8.195998370557245, 40.618487111137313 ], [ 8.19475784505193, 40.61841991353468 ], [ 8.193978944399174, 40.618306376561684 ], [ 8.193697350043152, 40.618251484805668 ], [ 8.192576860880155, 40.617911463437409 ], [ 8.191544903714755, 40.617583310058905 ], [ 8.190995866613997, 40.617403798415147 ], [ 8.190424019511683, 40.617155432031538 ], [ 8.189890748381719, 40.616772203815131 ], [ 8.189387334381037, 40.616120048657628 ], [ 8.189122536802383, 40.615776987913314 ], [ 8.186698412620014, 40.606326772887456 ], [ 8.181982457948774, 40.598550532794171 ], [ 8.181866326903888, 40.598381922741588 ], [ 8.181488846274096, 40.597838730144446 ], [ 8.168303882563002, 40.584118936894711 ], [ 8.168020247525627, 40.584241889704849 ], [ 8.167795398185055, 40.584269546571946 ], [ 8.166927346852678, 40.584353377616203 ], [ 8.166667622848184, 40.584334612757388 ], [ 8.166285849871398, 40.584272174038446 ], [ 8.165573331026042, 40.584082352570441 ], [ 8.164951137113828, 40.583755794612884 ], [ 8.16475894055176, 40.583651931472204 ], [ 8.164276953497758, 40.583216030125143 ], [ 8.163105681044236, 40.581439597508947 ], [ 8.161699440307927, 40.57814123308048 ], [ 8.161410894328675, 40.577357635924265 ], [ 8.161434226566932, 40.577263212523086 ], [ 8.162245717303358, 40.574958373580863 ], [ 8.162388922914063, 40.574725186246027 ], [ 8.163405066125843, 40.573650383009053 ], [ 8.165636665282399, 40.567573269325138 ], [ 8.165794143998873, 40.567139735410422 ], [ 8.165803559417265, 40.566857156907595 ], [ 8.165762350584037, 40.566132784032433 ], [ 8.165046819215219, 40.562517377153831 ], [ 8.164611370974628, 40.560606635183049 ], [ 8.164400839544655, 40.560320213584667 ], [ 8.163906681756613, 40.560045249689701 ], [ 8.163030502129484, 40.560095210868553 ], [ 8.162720091751794, 40.560241603657886 ], [ 8.161506986287209, 40.561497402099413 ], [ 8.158511039324637, 40.566338064743682 ], [ 8.157996853142528, 40.56730612965741 ], [ 8.157491652972062, 40.569322646929535 ], [ 8.157448763383316, 40.569563316678497 ], [ 8.157848033493948, 40.571167522620378 ], [ 8.158528256633055, 40.571800836041589 ], [ 8.158640855348009, 40.57188949069289 ], [ 8.159150016867224, 40.572504662945612 ], [ 8.159317881260707, 40.572779522111773 ], [ 8.159356193221566, 40.573140148487234 ], [ 8.159297096928052, 40.573260209624301 ], [ 8.155551995516758, 40.578075059538257 ], [ 8.154051002360065, 40.57869918719625 ], [ 8.1508826577449, 40.579431542643761 ], [ 8.149761790680667, 40.583738451816096 ], [ 8.147433982131787, 40.597465122314105 ], [ 8.148289606576856, 40.604544344959045 ], [ 8.143424260280138, 40.615540548393945 ], [ 8.144559761289267, 40.622905621638758 ], [ 8.144635908992869, 40.623308195967041 ], [ 8.144863761928379, 40.623751304805779 ], [ 8.145012452323027, 40.624028294550413 ], [ 8.145411142210977, 40.624634820337512 ], [ 8.146459843808985, 40.626076070106663 ], [ 8.147876127958867, 40.62662479458983 ], [ 8.147987939516405, 40.626665032501599 ], [ 8.148251881670907, 40.626713147150404 ], [ 8.14852517740742, 40.626723045114922 ], [ 8.148891776577782, 40.626717864942414 ], [ 8.14928841687987, 40.626674619860403 ], [ 8.149910970227889, 40.626531687265178 ], [ 8.163124698472874, 40.629542484699776 ], [ 8.184444403126914, 40.637254365299832 ], [ 8.186731290417406, 40.639192703485051 ], [ 8.190153487538261, 40.656061679672192 ], [ 8.189377363468704, 40.657271263802734 ], [ 8.192502247639519, 40.663970757308221 ], [ 8.196825134396139, 40.671824840696949 ], [ 8.198818929681892, 40.673293574267191 ], [ 8.198147516468955, 40.673536646526202 ], [ 8.196943835254801, 40.674257973860783 ], [ 8.196693220834305, 40.674436400005654 ], [ 8.196430341219665, 40.674650775587821 ], [ 8.196367399313614, 40.67496563806116 ], [ 8.196437971190747, 40.67795696374916 ], [ 8.197617255359148, 40.678289472849201 ], [ 8.198304914885245, 40.678176014662036 ], [ 8.199215249098717, 40.678118145114823 ], [ 8.200206589003225, 40.678336719140397 ], [ 8.201868345110501, 40.678771619049222 ], [ 8.202792074264554, 40.679079788663721 ], [ 8.20410680149557, 40.679594464047682 ], [ 8.204264619310877, 40.679756578064925 ], [ 8.204556686439217, 40.680072765036101 ], [ 8.204720490014132, 40.680478150268378 ], [ 8.205029565763622, 40.68272453161768 ], [ 8.204998739271083, 40.683949480372313 ], [ 8.204903070306049, 40.684904850366706 ], [ 8.204590785777054, 40.685913908270685 ], [ 8.204259075974534, 40.686938594486847 ], [ 8.203143333402744, 40.688458968235132 ], [ 8.200596722021059, 40.689383880245181 ], [ 8.194262344942974, 40.691580712692641 ], [ 8.193490628515722, 40.691782519668834 ], [ 8.192626658088669, 40.691537754906378 ], [ 8.19242925200408, 40.691468808861451 ], [ 8.191887276914077, 40.69126682921214 ], [ 8.191180174433802, 40.691018648205102 ], [ 8.189789139165057, 40.690931194131792 ], [ 8.18954506339583, 40.690929480913695 ], [ 8.18882894185616, 40.69093796420983 ], [ 8.186923753541754, 40.691161036206871 ], [ 8.186526367907801, 40.691235933986682 ], [ 8.174851803197216, 40.694655135651388 ], [ 8.174754924896247, 40.694712999796295 ], [ 8.174562902381936, 40.694927830961902 ], [ 8.174330157756255, 40.695205428771189 ], [ 8.174226526636101, 40.695330806672551 ], [ 8.174140678311101, 40.695573422256658 ], [ 8.174173157482757, 40.697735696649389 ], [ 8.174693449790301, 40.69969426081817 ], [ 8.174913988981535, 40.700047168733548 ], [ 8.175040846061476, 40.700318331471991 ], [ 8.175407478097556, 40.701302875666329 ], [ 8.175405478492825, 40.701465014661096 ], [ 8.17434312455914, 40.703142010928389 ], [ 8.173546352221603, 40.704397497993149 ], [ 8.173317451531409, 40.704720164437553 ], [ 8.171060154963008, 40.70728941127598 ], [ 8.170916325492716, 40.707432514321312 ], [ 8.169491399646041, 40.708737511093929 ], [ 8.16900103957115, 40.709139363304153 ], [ 8.162201721245898, 40.712306239421231 ], [ 8.155038074602381, 40.716145682762409 ], [ 8.15490488997251, 40.716378927876264 ], [ 8.152970850847689, 40.719278989694537 ], [ 8.148343442593491, 40.724924768791922 ], [ 8.144560324182429, 40.727229981816279 ], [ 8.144310293914817, 40.727336229757775 ], [ 8.142395330995278, 40.727997650341088 ], [ 8.141968034807894, 40.728075550387835 ], [ 8.140525124326944, 40.727938696692512 ], [ 8.139439520525583, 40.727642336288987 ], [ 8.139302805052635, 40.727569250590562 ], [ 8.13916905001858, 40.727496184106762 ], [ 8.136828676988534, 40.729001133176432 ], [ 8.133825271143182, 40.731401902738995 ], [ 8.133857098482403, 40.732600261812401 ], [ 8.135088216491914, 40.737552870365114 ], [ 8.135188808462807, 40.737672985811962 ], [ 8.144485722185335, 40.744147265361555 ], [ 8.151692413931663, 40.748857813390771 ], [ 8.163919089338332, 40.763324457692356 ], [ 8.165903082190418, 40.765735048371553 ], [ 8.167144155539432, 40.772617414659827 ], [ 8.167173176014199, 40.773140108980328 ], [ 8.167523189340683, 40.780223221012825 ], [ 8.167341955556543, 40.780501171475869 ], [ 8.160165676456458, 40.790894359566927 ], [ 8.160176044946381, 40.791952916541128 ], [ 8.160579605498505, 40.792967042061967 ], [ 8.160875906082733, 40.793675226746487 ], [ 8.162175506753563, 40.79613494137854 ], [ 8.162636550819304, 40.796352235396519 ], [ 8.163246381086019, 40.796402828530383 ], [ 8.163662155498464, 40.796331522647343 ], [ 8.165462933091765, 40.795936934087749 ], [ 8.167170845427593, 40.795976299643321 ], [ 8.169215858544357, 40.796549561572242 ], [ 8.175763767930118, 40.800965571898878 ], [ 8.178091386090445, 40.803513519121147 ], [ 8.184921265279051, 40.812239250814805 ], [ 8.188511386316881, 40.82009954907916 ], [ 8.18958554248832, 40.820503466787976 ], [ 8.191520355846754, 40.821318781031131 ], [ 8.191707445986806, 40.821536293252954 ], [ 8.19540360837982, 40.828088652017108 ], [ 8.195465794010527, 40.828462930669545 ], [ 8.195426081042724, 40.828804969331109 ], [ 8.195337367475164, 40.835039222211037 ], [ 8.201115183264452, 40.843541545319695 ], [ 8.202915519003128, 40.845747518369961 ], [ 8.205904551130237, 40.849128221485842 ], [ 8.207047063180529, 40.850190051403885 ], [ 8.208270014231152, 40.854338880646033 ], [ 8.218263609634203, 40.868499345105512 ], [ 8.219401650777989, 40.881731156299104 ], [ 8.223681581331476, 40.886201102997951 ], [ 8.223798166528871, 40.886382050937215 ], [ 8.219316444888598, 40.900089331640885 ], [ 8.203772756758132, 40.909243482515059 ], [ 8.201205345536952, 40.910450839633782 ], [ 8.197636129646758, 40.912011500303194 ], [ 8.192711141313287, 40.912751828661463 ], [ 8.192332994497152, 40.912844894288995 ], [ 8.191594125643828, 40.91379345592987 ], [ 8.188722169168008, 40.918024018739395 ], [ 8.188822022820984, 40.919084306942374 ], [ 8.189921161501825, 40.92049055049845 ], [ 8.190101208592106, 40.920577392532017 ], [ 8.190996089066454, 40.92096426948531 ], [ 8.191458113900165, 40.921057593275343 ], [ 8.191813485156011, 40.921132148589408 ], [ 8.191897716261515, 40.921407489132129 ], [ 8.190775883890886, 40.924412850693209 ], [ 8.18346781751552, 40.928595163658173 ], [ 8.176790215085552, 40.932628372391342 ], [ 8.176746322056502, 40.932695621496258 ], [ 8.176632794866565, 40.932870468288051 ], [ 8.176034815963895, 40.934154360752515 ], [ 8.175811061443063, 40.934954485777766 ], [ 8.176470528266142, 40.937328337842267 ], [ 8.177303684930749, 40.938991782254774 ], [ 8.184886084449909, 40.950422899782751 ], [ 8.189704942326783, 40.957627326691096 ], [ 8.198298776921682, 40.969181746345164 ], [ 8.201404397453368, 40.970842773194704 ], [ 8.202721126351635, 40.971050066466042 ], [ 8.203526775245537, 40.970271931629945 ], [ 8.203368818750167, 40.970559097802607 ], [ 8.203253951647111, 40.971215896132378 ], [ 8.203237191158644, 40.971621142992547 ], [ 8.203555678712421, 40.971821521437775 ], [ 8.203974112755501, 40.971617225590684 ], [ 8.205491681835609, 40.970564739416297 ], [ 8.209251441299337, 40.966609012366881 ], [ 8.211691398835287, 40.963301730853274 ], [ 8.226477351168167, 40.953137137252021 ], [ 8.226645903414536, 40.953075209697836 ], [ 8.229972519419881, 40.952970237426584 ], [ 8.23201646792513, 40.953841894835605 ], [ 8.23236387978111, 40.953981582541203 ], [ 8.232558050474095, 40.954015528090771 ], [ 8.234331000141045, 40.95392372256623 ], [ 8.236983567938822, 40.953671064584697 ], [ 8.238023112997009, 40.953164477710381 ], [ 8.238382538231976, 40.95290561570966 ], [ 8.237750857387942, 40.950880241504436 ], [ 8.233049756, 40.940403000593655 ], [ 8.232722850347347, 40.940037121592312 ], [ 8.229530830653061, 40.937943961220974 ], [ 8.229145009576335, 40.93421876431551 ], [ 8.230007156622538, 40.929659639968101 ], [ 8.23161043219055, 40.928394553856506 ], [ 8.234548949767658, 40.923216382471686 ], [ 8.235115662274373, 40.920932067505952 ], [ 8.235994719476841, 40.917044108430709 ], [ 8.235947962438271, 40.916463896781345 ], [ 8.235802869171863, 40.91539996930851 ], [ 8.235441785342932, 40.914660029329475 ], [ 8.234941276304212, 40.914427001953243 ], [ 8.2345038967468, 40.914511928057529 ], [ 8.234345398294584, 40.91461221778772 ], [ 8.234142502873402, 40.91470095212744 ], [ 8.233596509135802, 40.914679308166576 ], [ 8.233146861098167, 40.914541197728568 ], [ 8.232733878361561, 40.914313244228737 ], [ 8.232523898537202, 40.913987552364524 ], [ 8.232349436881432, 40.91367110570949 ], [ 8.232178732236585, 40.91303038648762 ], [ 8.232346491080452, 40.911872824973486 ], [ 8.232458286729923, 40.911446807271467 ], [ 8.232702835793754, 40.910835876504478 ], [ 8.234344614727295, 40.908504658030296 ], [ 8.235269106898073, 40.907231628335538 ], [ 8.238130139640049, 40.903394491539657 ], [ 8.248761464577845, 40.891528911294735 ], [ 8.250122941846676, 40.890275493849757 ], [ 8.251112024625742, 40.889409249666933 ], [ 8.268825375913526, 40.874055748345128 ], [ 8.276962834198191, 40.867715680828688 ], [ 8.2791686517938, 40.865788204237361 ], [ 8.281070435366907, 40.864394782191845 ], [ 8.285722633606659, 40.861009546391607 ], [ 8.287707288860581, 40.859607517969529 ], [ 8.290013728468834, 40.858063304887324 ], [ 8.301520722141589, 40.851035018694326 ], [ 8.302112910190246, 40.850705295777495 ], [ 8.304267103977704, 40.849619293754607 ], [ 8.312570826334104, 40.845511741496885 ], [ 8.313856306756341, 40.844804359402254 ], [ 8.314741837342391, 40.844487575964123 ], [ 8.315553315662109, 40.844305472179535 ], [ 8.322932395955192, 40.843505614782813 ], [ 8.324464077746143, 40.843361451797669 ], [ 8.324653404950167, 40.843407602304374 ], [ 8.326261727264464, 40.843894447988312 ], [ 8.326888474741589, 40.844087282995929 ], [ 8.33740046368955, 40.842396022708776 ], [ 8.343340548798587, 40.840722909194042 ], [ 8.349595068488457, 40.84826002844764 ], [ 8.350147022421647, 40.850351943496349 ], [ 8.354412695210362, 40.851340913696674 ], [ 8.361399527567491, 40.852815504713774 ], [ 8.362513773709331, 40.852915130773304 ], [ 8.364620842718136, 40.852785999929651 ], [ 8.370573612503385, 40.852306287144494 ], [ 8.375703894839242, 40.851916405794512 ], [ 8.384724224907337, 40.851171013483516 ], [ 8.384712012969667, 40.850888311707436 ], [ 8.384464259244561, 40.850899376498433 ], [ 8.382524806015082, 40.851194167929549 ], [ 8.382262117441048, 40.851216408536686 ], [ 8.366714928570406, 40.852461955575741 ], [ 8.3631503650357, 40.852719336473328 ], [ 8.362345042579516, 40.852726148074431 ], [ 8.361910888242491, 40.852688839816246 ], [ 8.36058162787074, 40.852433750342101 ], [ 8.351324861709916, 40.850311280634457 ], [ 8.350954272041141, 40.850144792992914 ], [ 8.350570121237682, 40.849848735816209 ], [ 8.350388912886336, 40.849423196922913 ], [ 8.350283768805145, 40.849105061702772 ], [ 8.348091645149395, 40.8405212712292 ], [ 8.347912040366316, 40.839784949658736 ], [ 8.348518906188211, 40.839587944131928 ], [ 8.348983533654337, 40.839532011572054 ], [ 8.349603833367212, 40.839476957615986 ], [ 8.368602505520869, 40.837958753673966 ], [ 8.380901357341449, 40.83840714178406 ], [ 8.399539940526418, 40.838399815266378 ], [ 8.402975229447573, 40.839395051143981 ], [ 8.403434704222201, 40.839908652284436 ], [ 8.403410507530307, 40.839961451611494 ], [ 8.403492577516083, 40.839903321287387 ], [ 8.403146101731132, 40.839519800183822 ], [ 8.403018367002167, 40.839379509650158 ], [ 8.40338146070979, 40.838901695109286 ], [ 8.403454002284803, 40.838831128042827 ], [ 8.407677309215465, 40.837840576516804 ], [ 8.407982460238919, 40.8378714202682 ], [ 8.412005978175673, 40.838418987143918 ], [ 8.412158237722389, 40.838470436379026 ], [ 8.413655491836277, 40.839001665253768 ], [ 8.431211925364854, 40.830839029215547 ], [ 8.437063257223612, 40.82751661657332 ], [ 8.441827879105269, 40.825026429631031 ], [ 8.449312361570625, 40.821259733125977 ], [ 8.455604269116913, 40.820036300570074 ], [ 8.457812690901607, 40.819688616329579 ], [ 8.458806710959166, 40.819576176037501 ], [ 8.467012968680145, 40.819506276384125 ], [ 8.467300084554507, 40.819375854507072 ], [ 8.467555435171899, 40.819325235446712 ], [ 8.468916554807164, 40.819086030028835 ], [ 8.479183036016964, 40.819396328056179 ], [ 8.481266263290417, 40.819499175215434 ], [ 8.486345424581252, 40.819753867903216 ], [ 8.494677679173531, 40.820464040581776 ], [ 8.495961883149336, 40.820585641224831 ], [ 8.519368867691339, 40.823185360525038 ], [ 8.523047434269744, 40.823678070856708 ], [ 8.525757439218625, 40.824052956545074 ], [ 8.527238142491983, 40.824284243487803 ], [ 8.53251975248128, 40.825128908673527 ], [ 8.539795709463185, 40.826345017949599 ], [ 8.541582533115786, 40.826697830679088 ], [ 8.543358874502895, 40.827068589383394 ], [ 8.546385954088199, 40.827722379827485 ], [ 8.549390391435749, 40.828444691076427 ], [ 8.554248951413765, 40.82968420353135 ], [ 8.559664915222328, 40.831177875385343 ], [ 8.563362783958118, 40.832231272642453 ], [ 8.565490475435379, 40.832872146747526 ], [ 8.56700409266862, 40.833337264678093 ], [ 8.571747232621409, 40.834879639639098 ], [ 8.576605303961504, 40.836568629674929 ], [ 8.579465669202017, 40.837681492085572 ], [ 8.589520959221094, 40.84201471097667 ], [ 8.590881233206293, 40.842641119968008 ], [ 8.594052647220728, 40.844134202902467 ], [ 8.603856074450849, 40.849001281121055 ], [ 8.605322433678866, 40.849790034728727 ], [ 8.60767021959162, 40.851243888495212 ], [ 8.620593161764859, 40.860516187182974 ], [ 8.622075335767374, 40.861733803348045 ], [ 8.624464760731197, 40.863832671714952 ], [ 8.625322071151752, 40.864884932843559 ], [ 8.628531850602364, 40.87205019677252 ], [ 8.630742644067226, 40.878367635310717 ], [ 8.63115273868452, 40.879322704807883 ], [ 8.632368541967615, 40.881332066067493 ], [ 8.634262262050976, 40.882298599700079 ], [ 8.635672866446864, 40.882631867832842 ], [ 8.637402608527411, 40.88321160123418 ], [ 8.652244733980716, 40.891523567526484 ], [ 8.657658889925598, 40.894772624375356 ], [ 8.664858927129041, 40.896531251083161 ], [ 8.670289530679907, 40.897272072156021 ], [ 8.683359786799102, 40.903012081536666 ], [ 8.684530989862418, 40.903586192199093 ], [ 8.688433070547287, 40.905731769084639 ], [ 8.689878293820671, 40.906761483232692 ], [ 8.690808102281958, 40.907566844104323 ], [ 8.690977839364196, 40.909364454094288 ], [ 8.694574119983425, 40.912281460364028 ], [ 8.6989188287291, 40.914547209406479 ], [ 8.702010923958412, 40.915504490742372 ], [ 8.703050282567828, 40.915772914587599 ], [ 8.703342433347588, 40.915834472887376 ], [ 8.703538532898953, 40.915798943761509 ], [ 8.703652089662365, 40.915632583786859 ], [ 8.703652999812398, 40.915428772112541 ], [ 8.707641421027764, 40.913773546964464 ], [ 8.718833274893809, 40.913111115808562 ], [ 8.726045780648128, 40.912724228375581 ], [ 8.727038519929909, 40.912791892109027 ], [ 8.728844078062204, 40.913368179813439 ], [ 8.729313604580419, 40.913615884905504 ], [ 8.730837468410062, 40.91521842186863 ], [ 8.732705499225807, 40.916893804286204 ], [ 8.742857010329258, 40.918542884272341 ], [ 8.745028071193911, 40.917953157128586 ], [ 8.745784091039525, 40.91706413134203 ], [ 8.759642810688751, 40.915802286485118 ], [ 8.760495525193239, 40.915617139824185 ], [ 8.761617727067044, 40.915617212906525 ], [ 8.768447972037944, 40.915885612971159 ], [ 8.769756666758175, 40.916042501421522 ], [ 8.770838093508889, 40.916246214814443 ], [ 8.771414773928189, 40.916465810254977 ], [ 8.772400146650378, 40.916978980007208 ], [ 8.781158831892258, 40.919054329147848 ], [ 8.784041516733376, 40.920014642093072 ], [ 8.789901408657373, 40.922169439093096 ], [ 8.790897284338531, 40.922720753255305 ], [ 8.794641459037983, 40.925556081880039 ], [ 8.799132455399155, 40.92897812883183 ], [ 8.802024700395542, 40.930946934569988 ], [ 8.802677338666193, 40.931164251551408 ], [ 8.805842876744718, 40.933169460671891 ], [ 8.809186374404682, 40.935319009355858 ], [ 8.809506476413448, 40.935535736804624 ], [ 8.818150019473808, 40.941387045116684 ], [ 8.8269451879871, 40.948904454519685 ], [ 8.836548400955511, 40.957215054082369 ], [ 8.856408609885792, 40.97713164355698 ], [ 8.859599069599927, 40.980396542054478 ], [ 8.862576248937817, 40.983480933064833 ], [ 8.863430276663246, 40.984382765903185 ], [ 8.864296084898069, 40.985347664861237 ], [ 8.866039502215632, 40.98735852992575 ], [ 8.873002218222723, 40.995464766425314 ], [ 8.873820254932134, 40.996690774858976 ], [ 8.876992821499998, 41.004152966110986 ], [ 8.877028210163061, 41.004306142870789 ], [ 8.876604416484037, 41.009976325291412 ], [ 8.87958287992563, 41.024947625155384 ], [ 8.878810325055435, 41.027050212899596 ], [ 8.879137347123351, 41.027915336526284 ], [ 8.879204072586838, 41.028017873764739 ], [ 8.879882421892363, 41.028661538796797 ], [ 8.881521172295232, 41.028577656251848 ], [ 8.892579036583813, 41.027926395798843 ], [ 8.892766011492609, 41.028158529073089 ], [ 8.896488471939204, 41.031509575722069 ], [ 8.897569690695104, 41.032357304956676 ], [ 8.89770636910459, 41.032440751165815 ], [ 8.899461001358604, 41.033447826593417 ], [ 8.906068012711438, 41.036519537277997 ], [ 8.90883822054696, 41.036717687800994 ], [ 8.908899203071321, 41.036710979884475 ], [ 8.915943330477338, 41.035797505254465 ], [ 8.929013859305606, 41.043657988400348 ], [ 8.941403581859788, 41.054525335420024 ], [ 8.95551750944486, 41.067187992374606 ], [ 8.968552769531684, 41.078312734063829 ], [ 8.976072821173169, 41.083942314639394 ], [ 8.983432361883464, 41.0937815039672 ], [ 8.990085631701801, 41.102847712449488 ], [ 8.990189814129353, 41.102978337593306 ], [ 8.990288042622025, 41.103099954060824 ], [ 8.991002467600483, 41.103901723695067 ], [ 8.992633953584816, 41.104352239736798 ], [ 8.994795414463868, 41.104870319261806 ], [ 8.994968094827998, 41.104910861466912 ], [ 8.995694569308052, 41.104703706985752 ], [ 8.995920857917874, 41.104478515143285 ], [ 8.999303047037076, 41.104541640869378 ], [ 8.997397565834257, 41.105028046023079 ], [ 8.996813940482509, 41.106577408244185 ], [ 8.996825833593359, 41.106919712595634 ], [ 9.005806669681576, 41.118530914082363 ], [ 9.011227405513987, 41.123989349570898 ], [ 9.013252846650779, 41.12542140249105 ], [ 9.021839467338047, 41.126600139158214 ], [ 9.031744645610546, 41.131570233954449 ], [ 9.041684587909273, 41.137332160812761 ], [ 9.043805662498393, 41.137619627828791 ], [ 9.046236552595619, 41.137915940768018 ], [ 9.050835424688302, 41.137418565533807 ], [ 9.051430685723231, 41.136787744172025 ], [ 9.051458924134172, 41.136711164257129 ], [ 9.051525795864011, 41.13651746274364 ], [ 9.051442115187225, 41.136166189875929 ], [ 9.050977038600069, 41.135652943663864 ], [ 9.050655153010272, 41.135409870746571 ], [ 9.050523975060393, 41.135256792803823 ], [ 9.050523892121772, 41.135148697421684 ], [ 9.050607203032481, 41.135031557406641 ], [ 9.051142809825057, 41.13431969211242 ], [ 9.057381133152667, 41.128713800045958 ], [ 9.058023954384032, 41.128136968208288 ], [ 9.058250215019473, 41.128028758478003 ], [ 9.060072565492893, 41.127595439527269 ], [ 9.060312281176575, 41.127550274990277 ], [ 9.06045372759546, 41.127524302743332 ], [ 9.06051328277568, 41.127514137433415 ], [ 9.063844392595973, 41.127365959845186 ], [ 9.064599382739472, 41.127353152920918 ], [ 9.081266036394918, 41.127354987924868 ], [ 9.086219807336834, 41.127993206111277 ], [ 9.086769501334317, 41.128135793292302 ], [ 9.107724252284171, 41.133947383260271 ], [ 9.109375326864912, 41.134504320662252 ], [ 9.11017878448421, 41.134931434453918 ], [ 9.110934977084495, 41.135584910239267 ], [ 9.114793894848914, 41.139019915626086 ], [ 9.119441345951397, 41.143376162740395 ], [ 9.120802213455878, 41.144698911333492 ], [ 9.121769222735033, 41.145661742930493 ], [ 9.122043839816744, 41.145949705859451 ], [ 9.122258805101936, 41.14620170031592 ], [ 9.122867987207314, 41.146968979314032 ], [ 9.123143301313837, 41.147624012313031 ], [ 9.123121034396805, 41.148461774190743 ], [ 9.123085989300101, 41.148840145072121 ], [ 9.12297924172381, 41.149110497361086 ], [ 9.122551160827674, 41.149615397188263 ], [ 9.122117484782601, 41.149515644626739 ], [ 9.12169258267213, 41.149325802041666 ], [ 9.120386737785729, 41.149644703517829 ], [ 9.11994897664124, 41.149753255299565 ], [ 9.119014732855584, 41.151276566480469 ], [ 9.118884111744171, 41.1515379297294 ], [ 9.118813271116327, 41.1519073280556 ], [ 9.118930815614663, 41.152651487158217 ], [ 9.119024088504688, 41.153154709031426 ], [ 9.119052638189425, 41.15328979947104 ], [ 9.119524985437229, 41.154164203767181 ], [ 9.120138565936619, 41.154869561602716 ], [ 9.120966236860246, 41.155328099458139 ], [ 9.123195205725223, 41.156253554939042 ], [ 9.12457645348875, 41.156355659521999 ], [ 9.125494625566995, 41.155809682999887 ], [ 9.125963377274461, 41.155529927215071 ], [ 9.12653860529656, 41.154842440912567 ], [ 9.12656438626194, 41.154304189469059 ], [ 9.126537345132839, 41.154187116152691 ], [ 9.127110811434376, 41.1533667635426 ], [ 9.128651470549391, 41.152739001953123 ], [ 9.129212839852897, 41.15260775857616 ], [ 9.129875832187285, 41.15263966696893 ], [ 9.130249797328952, 41.152660639620592 ], [ 9.149665254255352, 41.15454335057531 ], [ 9.151163469845351, 41.154977152254588 ], [ 9.152086268985322, 41.155247301527098 ], [ 9.152488916787396, 41.155421297235982 ], [ 9.159661321640769, 41.161172143035714 ], [ 9.160815447547979, 41.162161407300232 ], [ 9.167743955413609, 41.168108004245433 ], [ 9.168090599431382, 41.16847794896249 ], [ 9.168437665479434, 41.169011159628226 ], [ 9.170737076297419, 41.17310186381102 ], [ 9.171033746677537, 41.173721842523591 ], [ 9.171105887435933, 41.173955940563587 ], [ 9.171247554155038, 41.175138015755365 ], [ 9.171061742888151, 41.177036704497297 ], [ 9.169936971156917, 41.17718700076351 ], [ 9.158217800417189, 41.183558755452772 ], [ 9.154751097657371, 41.193701824080136 ], [ 9.154112382116061, 41.197211242423577 ], [ 9.1549922340176, 41.201137486081542 ], [ 9.155064453191013, 41.201416631651689 ], [ 9.155746771682363, 41.20246963102047 ], [ 9.156636414112269, 41.20292782370727 ], [ 9.156857235698991, 41.202999585586475 ], [ 9.160546771931241, 41.204678968720351 ], [ 9.167256985822126, 41.229122286819518 ], [ 9.167263683454516, 41.22940940128467 ], [ 9.167099635453917, 41.229999650677186 ], [ 9.166350371548821, 41.230964570667261 ], [ 9.163306991939917, 41.233675771149876 ], [ 9.1630063315018, 41.233931793596504 ], [ 9.162218831539587, 41.23455556998362 ], [ 9.161647016357199, 41.23494371055947 ], [ 9.160421193734026, 41.235663796703236 ], [ 9.159969630668446, 41.235825437797139 ], [ 9.158141399528319, 41.236029513207782 ], [ 9.157747614796387, 41.23603005334558 ], [ 9.157138841613657, 41.235949814943979 ], [ 9.156482230552063, 41.23582459991912 ], [ 9.152611886991279, 41.234073274089461 ], [ 9.15115414164443, 41.233219455668248 ], [ 9.1510868992361, 41.233165497601654 ], [ 9.150843298340616, 41.232958637775624 ], [ 9.150778998171276, 41.23288665903226 ], [ 9.150604032507511, 41.23268871666712 ], [ 9.150388671077458, 41.232436779571621 ], [ 9.150330276191685, 41.232337770147502 ], [ 9.150270379819602, 41.232235384699891 ], [ 9.150160475647851, 41.231788515173072 ], [ 9.150125982398013, 41.231706364221935 ], [ 9.150095993527534, 41.231637719195483 ], [ 9.149786731744836, 41.231410674932022 ], [ 9.149438795386926, 41.231229844470015 ], [ 9.148956481367726, 41.230985006663886 ], [ 9.148790758696284, 41.230912032853233 ], [ 9.148165497403319, 41.230769839993087 ], [ 9.14180440060051, 41.232222475837908 ], [ 9.141308031171809, 41.232366085083726 ], [ 9.140549502877972, 41.233373636609983 ], [ 9.140414185813373, 41.233567468182315 ], [ 9.138007973137487, 41.237670051580714 ], [ 9.138063220281653, 41.238406371783782 ], [ 9.140748983842595, 41.244316734101766 ], [ 9.140901530076468, 41.244494450810208 ], [ 9.143876652772549, 41.24673933918352 ], [ 9.144239634414388, 41.246947189734875 ], [ 9.145609612136154, 41.247147015106151 ], [ 9.14605405857627, 41.247087901192806 ], [ 9.151564590244902, 41.245604629089485 ], [ 9.160710117663864, 41.242178277839407 ], [ 9.160767512185124, 41.24125039583712 ], [ 9.159143193928447, 41.2407121844793 ], [ 9.158509876732966, 41.240370762172155 ], [ 9.158249440706385, 41.239388145067487 ], [ 9.158475319276178, 41.239033152658116 ], [ 9.158742865424765, 41.23863644189673 ], [ 9.159206838918131, 41.238046916941791 ], [ 9.161161115236906, 41.236304567511866 ], [ 9.161613682965898, 41.235943621356228 ], [ 9.162257523053563, 41.235726528969657 ], [ 9.162740505434972, 41.235605368092394 ], [ 9.163922277948387, 41.235771461496995 ], [ 9.164883536515896, 41.236033567289383 ], [ 9.165038811748847, 41.236091895957991 ], [ 9.165158298299778, 41.236154778785036 ], [ 9.165373615079117, 41.23636164881259 ], [ 9.169604110203817, 41.241647572852358 ], [ 9.177122310472887, 41.245989264088486 ], [ 9.180953024545421, 41.248025821364216 ], [ 9.181144197752312, 41.248102086538687 ], [ 9.182414940927533, 41.24851218650705 ], [ 9.184035247376395, 41.248546764572652 ], [ 9.193198896294767, 41.247659124874041 ], [ 9.1935311498125, 41.24751106526039 ], [ 9.194460349342922, 41.246422936543823 ], [ 9.195069198306653, 41.242467490814846 ], [ 9.198115233990352, 41.243899031530717 ], [ 9.20037091913585, 41.245880217458001 ], [ 9.207053349200198, 41.25075173416505 ], [ 9.215362383280207, 41.254943118604928 ], [ 9.217015280324894, 41.255756343346143 ], [ 9.225239579965681, 41.259235558603656 ], [ 9.225427629727664, 41.259247575427224 ], [ 9.225647986062295, 41.259107524317322 ], [ 9.225641877968689, 41.259067001082592 ], [ 9.225521521096622, 41.258780114313979 ], [ 9.226000022623133, 41.259075306465 ], [ 9.226465629359787, 41.259092407236089 ], [ 9.235071019852704, 41.259146095123818 ], [ 9.235538599423951, 41.258880536538392 ], [ 9.235992140794846, 41.256788681867661 ], [ 9.235240495244406, 41.255228500555681 ], [ 9.235106340527993, 41.255264804984314 ], [ 9.234963039644338, 41.255247081850548 ], [ 9.234388678903777, 41.254851911643158 ], [ 9.234292832584286, 41.254753021495759 ], [ 9.234631390789763, 41.249293625362832 ], [ 9.234963513486884, 41.248716450938915 ], [ 9.23622551166312, 41.246602672341588 ], [ 9.237012702021953, 41.246048201933014 ], [ 9.237590451592666, 41.24574750315282 ], [ 9.237804901590765, 41.245644597132099 ], [ 9.238424433318823, 41.245349436852322 ], [ 9.239070923112637, 41.245084618732356 ], [ 9.239272080133388, 41.245018894927163 ], [ 9.240202353386129, 41.245255664097733 ], [ 9.241374326899875, 41.245901772573653 ], [ 9.256368999345543, 41.242886663164811 ], [ 9.259726699609189, 41.24206055566146 ], [ 9.266159186265368, 41.239127346072749 ], [ 9.271659400760388, 41.235970783774754 ], [ 9.278175672652784, 41.230550551184059 ], [ 9.280336761478861, 41.228086181121427 ], [ 9.280467296766316, 41.227919219521517 ], [ 9.280526624336662, 41.227842508135119 ], [ 9.28179724566197, 41.220876373321857 ], [ 9.281422739829514, 41.217003929094489 ], [ 9.281265227093145, 41.216436821687715 ], [ 9.28090342049502, 41.215518907655223 ], [ 9.274041155098674, 41.203374873391141 ], [ 9.272377209029386, 41.201546851964771 ], [ 9.270865186681666, 41.199662149181449 ], [ 9.269746096360663, 41.19724166480907 ], [ 9.269648398521346, 41.196683407259556 ], [ 9.269682993959869, 41.196395074698998 ], [ 9.270050909693381, 41.195961836129079 ], [ 9.270457953026307, 41.195618582763615 ], [ 9.270639223390649, 41.195474031132598 ], [ 9.272241858185572, 41.194427595314174 ], [ 9.272762720090542, 41.194216929653791 ], [ 9.274193290770523, 41.193746250376734 ], [ 9.274942202209724, 41.193533906595221 ], [ 9.275132787400358, 41.193481655910134 ], [ 9.2767175375372, 41.193171592523754 ], [ 9.277385188227237, 41.193133954749769 ], [ 9.278255943022156, 41.193185901796362 ], [ 9.279496722264716, 41.19331801616628 ], [ 9.279928175608941, 41.193821406474321 ], [ 9.279989526618442, 41.194226611051953 ], [ 9.279942173082143, 41.19430779654212 ], [ 9.27952739307214, 41.194921338015064 ], [ 9.279420256736298, 41.19496663759017 ], [ 9.279348665690911, 41.19495780334087 ], [ 9.279253033538232, 41.194903987747516 ], [ 9.278931201793032, 41.194940799324037 ], [ 9.278657531116909, 41.1950855876091 ], [ 9.278537501882917, 41.197716169832958 ], [ 9.278575838657735, 41.198319603756282 ], [ 9.280660623079431, 41.206160368134931 ], [ 9.285672888088158, 41.217750120935676 ], [ 9.286394117874488, 41.219000415133863 ], [ 9.286611092925455, 41.219171024140643 ], [ 9.286669445195821, 41.219215917394408 ], [ 9.286802205369433, 41.219224594706759 ], [ 9.287015487342391, 41.219233071202346 ], [ 9.287695129157267, 41.219150305243502 ], [ 9.289803754177509, 41.218478439325771 ], [ 9.293609838963807, 41.213253272452953 ], [ 9.300849521369301, 41.202596341285421 ], [ 9.300906763548141, 41.202073736845584 ], [ 9.299854915099779, 41.201572042101468 ], [ 9.295986413189164, 41.200627218477109 ], [ 9.292189777600079, 41.19972712190215 ], [ 9.291866889251118, 41.199529767524147 ], [ 9.289247914466323, 41.197914963452781 ], [ 9.288865176489534, 41.197663704300538 ], [ 9.287416752651254, 41.196433253723008 ], [ 9.287248336783833, 41.196100384611242 ], [ 9.288639904071022, 41.194231153099089 ], [ 9.289142765999896, 41.19366915323932 ], [ 9.289457432684223, 41.193362095333548 ], [ 9.289783057218223, 41.193174363932428 ], [ 9.290502281250744, 41.193002528425744 ], [ 9.301219938742008, 41.190714024664345 ], [ 9.301879887411896, 41.190631225432455 ], [ 9.303310917437129, 41.19064548146806 ], [ 9.303954927003293, 41.19066179947653 ], [ 9.304682494155927, 41.190695908710566 ], [ 9.305481691359917, 41.190747838322203 ], [ 9.306161683832446, 41.190809088154928 ], [ 9.30857205718093, 41.191144953736568 ], [ 9.31031254456949, 41.191032182331128 ], [ 9.310956687287888, 41.191075484586854 ], [ 9.311959084505609, 41.191225907562597 ], [ 9.31416708300477, 41.191625258512211 ], [ 9.314931343118813, 41.191848367401747 ], [ 9.315528446020547, 41.19202689058509 ], [ 9.316054133799852, 41.192232629522444 ], [ 9.31669976902694, 41.192582162074252 ], [ 9.317345627416756, 41.192976729053122 ], [ 9.31789752938044, 41.193668812114907 ], [ 9.318420657883825, 41.194572655304057 ], [ 9.3184951145653, 41.195171471247271 ], [ 9.318491559394216, 41.195360645473635 ], [ 9.318023427838016, 41.197505806029561 ], [ 9.317515494135064, 41.198516086219222 ], [ 9.317302568725445, 41.198876986709401 ], [ 9.317159804261538, 41.198949442326061 ], [ 9.316683804259997, 41.199166940203668 ], [ 9.316173104982905, 41.19960972816844 ], [ 9.316066984400738, 41.199862239063471 ], [ 9.316140230337959, 41.200213343689157 ], [ 9.31647650951642, 41.200698843420319 ], [ 9.316943723750446, 41.201129934426874 ], [ 9.318373376404931, 41.202196234561669 ], [ 9.318056843716086, 41.202252844678611 ], [ 9.31767703215437, 41.202325956219362 ], [ 9.317355577917651, 41.202443944323896 ], [ 9.31727469961359, 41.202984636820233 ], [ 9.317376492664799, 41.203069931409523 ], [ 9.317502223280119, 41.203173174818424 ], [ 9.317549540202787, 41.203091973241705 ], [ 9.317835347390067, 41.203001106698132 ], [ 9.318144309500639, 41.202766049945048 ], [ 9.318393415968286, 41.202486118337909 ], [ 9.318469958688878, 41.202283230681978 ], [ 9.318966686313363, 41.202646673356156 ], [ 9.320053992433929, 41.203049009659992 ], [ 9.320197245530519, 41.203075634261509 ], [ 9.320340321847221, 41.203066228470476 ], [ 9.322549581088079, 41.198772331795929 ], [ 9.32258389751553, 41.198474977406505 ], [ 9.320699299150773, 41.195976060472283 ], [ 9.320531287397147, 41.19576034008783 ], [ 9.319970397361256, 41.195680830343292 ], [ 9.319577030832598, 41.195717952403349 ], [ 9.319039772284624, 41.195593332079767 ], [ 9.318872247795083, 41.19547669405646 ], [ 9.318659377733432, 41.194923301021852 ], [ 9.318578339972566, 41.194504661673321 ], [ 9.318959870069364, 41.193873055164531 ], [ 9.319576691011871, 41.193195755993081 ], [ 9.320777069303187, 41.192363696772233 ], [ 9.322203414031911, 41.191413890947366 ], [ 9.322821859923666, 41.191078868783151 ], [ 9.324333973752225, 41.190606212184129 ], [ 9.324977096544981, 41.19044225761823 ], [ 9.32800489680219, 41.187839412450693 ], [ 9.329143285458693, 41.186575064210658 ], [ 9.329250150359261, 41.186484680397903 ], [ 9.331867557089851, 41.185324162524296 ], [ 9.33264290745705, 41.18538498038118 ], [ 9.332871243964782, 41.185442871308709 ], [ 9.333538365572617, 41.185616594974974 ], [ 9.334482072595012, 41.185956156700676 ], [ 9.335784327527424, 41.186456807655311 ], [ 9.336322187779402, 41.186707458399503 ], [ 9.33680080167521, 41.18703034238434 ], [ 9.337028372945481, 41.18722784921242 ], [ 9.341298818410497, 41.19213356185918 ], [ 9.341187755196179, 41.193710262548343 ], [ 9.340876254873265, 41.19343194230801 ], [ 9.338983413484376, 41.191753061488654 ], [ 9.338624045906689, 41.191438844252716 ], [ 9.338392355676469, 41.191313415284696 ], [ 9.338193554367988, 41.191205905111289 ], [ 9.338017434431739, 41.191161382553084 ], [ 9.337835351192982, 41.191116877217524 ], [ 9.337678863915405, 41.191121840100259 ], [ 9.337322685374748, 41.191136395734674 ], [ 9.334810722895417, 41.191954432802753 ], [ 9.33377560371753, 41.192416837499053 ], [ 9.330590437586013, 41.194551876224715 ], [ 9.330318376235766, 41.194994041005216 ], [ 9.330379857461823, 41.195065927957842 ], [ 9.330582273609995, 41.195299551049338 ], [ 9.334174086745856, 41.19808161553113 ], [ 9.335824693051228, 41.19902263725622 ], [ 9.337392693952024, 41.200126018536018 ], [ 9.338512183430513, 41.200973973090498 ], [ 9.338297689620305, 41.202168141349212 ], [ 9.338281615106107, 41.202231243873022 ], [ 9.338245088603035, 41.202375476669303 ], [ 9.33822756951902, 41.202447590425876 ], [ 9.338073125358578, 41.20343440172298 ], [ 9.338065972348966, 41.203492973163051 ], [ 9.338070469133275, 41.20436671978139 ], [ 9.338118804666196, 41.204488183593774 ], [ 9.338203335632372, 41.204690611265903 ], [ 9.338861462058238, 41.20510303719702 ], [ 9.340307072910099, 41.205567181483751 ], [ 9.348272700200006, 41.207462033492867 ], [ 9.348892885254809, 41.207451148375078 ], [ 9.351625195858634, 41.203155112954349 ], [ 9.351934809287838, 41.203064089137541 ], [ 9.352720765890219, 41.202836489884803 ], [ 9.353137863805186, 41.202772155476026 ], [ 9.354031733579902, 41.20265230929715 ], [ 9.354174805029725, 41.202642861489814 ], [ 9.354270460853449, 41.202687606763256 ], [ 9.356076565875087, 41.20363686563735 ], [ 9.356891556131764, 41.204363977029246 ], [ 9.357856683887892, 41.205279781875653 ], [ 9.359025687650025, 41.206393112165578 ], [ 9.36297976098616, 41.207488678764911 ], [ 9.363314231806569, 41.207577702953749 ], [ 9.36390856206242, 41.207206505659435 ], [ 9.364074198889545, 41.206962770908902 ], [ 9.364817622713311, 41.205519166483647 ], [ 9.365697166573433, 41.202823036321078 ], [ 9.365837076270481, 41.202246091073469 ], [ 9.366297917073114, 41.199335097230694 ], [ 9.366269695872052, 41.198551504890055 ], [ 9.366095756310692, 41.19729996920691 ], [ 9.365298049865808, 41.193248974144531 ], [ 9.366371387109393, 41.190588250100724 ], [ 9.367533666967809, 41.187855168660747 ], [ 9.36908464619134, 41.184819065681204 ], [ 9.370048266337854, 41.183370213395243 ], [ 9.370238326834009, 41.183243492521534 ], [ 9.370559489834761, 41.183107341675971 ], [ 9.371059956709674, 41.183051682846532 ], [ 9.372394780404822, 41.182948288410913 ], [ 9.373480087270087, 41.182998820836758 ], [ 9.375068838350389, 41.183516114088448 ], [ 9.375238179576659, 41.183938931366484 ], [ 9.375507028145837, 41.185082053336274 ], [ 9.37588474300561, 41.186495054110452 ], [ 9.376495483744579, 41.186952459564672 ], [ 9.378050187055965, 41.187749065277771 ], [ 9.37869459890897, 41.187837026491145 ], [ 9.380855058279222, 41.187699288582962 ], [ 9.383642868993155, 41.185748843904186 ], [ 9.384665883344301, 41.18329529574698 ], [ 9.385444909563688, 41.180674782561177 ], [ 9.406335815376142, 41.176419947915079 ], [ 9.407243827927736, 41.176732016764419 ], [ 9.410552829075325, 41.177783196045681 ], [ 9.419192395421248, 41.179004167947951 ], [ 9.419561757032978, 41.178966793140113 ], [ 9.420049535010703, 41.178802872580476 ], [ 9.423279629419765, 41.176809317599727 ], [ 9.42375728097489, 41.175078052215653 ], [ 9.423826547857042, 41.174726490728453 ], [ 9.423671996229007, 41.172943502080983 ], [ 9.421973740486917, 41.166527123905809 ], [ 9.421757157998321, 41.166212641776326 ], [ 9.419925640327245, 41.165003269749128 ], [ 9.419603174803017, 41.164905358385035 ], [ 9.417716709786335, 41.164416781567553 ], [ 9.417203991810229, 41.164391615954614 ], [ 9.416691332466034, 41.164375456696476 ], [ 9.41662272604305, 41.164835106645022 ], [ 9.41646845393886, 41.16494375902424 ], [ 9.415603623687657, 41.165316205889894 ], [ 9.415410438335108, 41.165397973402662 ], [ 9.415171701107946, 41.165344787375552 ], [ 9.409421442388419, 41.162663005730458 ], [ 9.405701226996678, 41.16003685788575 ], [ 9.405668248499062, 41.160004321090042 ], [ 9.405542302420267, 41.159875276091633 ], [ 9.405192439353238, 41.159191907006807 ], [ 9.405105737685147, 41.158660746869742 ], [ 9.405125082452843, 41.157931039457473 ], [ 9.408521557724294, 41.155951944443295 ], [ 9.411869241484478, 41.155730589776212 ], [ 9.423000791139044, 41.155005649364355 ], [ 9.423568201315106, 41.154975414426467 ], [ 9.425183416008599, 41.155021258598055 ], [ 9.426246475338893, 41.155382149507851 ], [ 9.429716601415706, 41.154761223456958 ], [ 9.432160919956063, 41.151525000117843 ], [ 9.432202031835137, 41.151433641109726 ], [ 9.432957723498632, 41.148326455329439 ], [ 9.432982884500491, 41.148075265349291 ], [ 9.432853655013934, 41.14745195343793 ], [ 9.432638093191168, 41.147290621525833 ], [ 9.432209569321968, 41.147364293045428 ], [ 9.431757922638452, 41.147546145315992 ], [ 9.431352524630785, 41.147511632191971 ], [ 9.430444433434316, 41.147370902381439 ], [ 9.429173751764308, 41.146221505829502 ], [ 9.428859495632491, 41.145771155031937 ], [ 9.428856209130494, 41.145266724185916 ], [ 9.428950205006672, 41.144832868910171 ], [ 9.430139481881131, 41.142875969244997 ], [ 9.435814114545364, 41.136294625159145 ], [ 9.437019565948852, 41.135033452785741 ], [ 9.437416450640505, 41.134694149499531 ], [ 9.437987578608892, 41.134354182494491 ], [ 9.442166313862364, 41.130987270572838 ], [ 9.440125026703214, 41.123477965415994 ], [ 9.440575562151709, 41.103338957286383 ], [ 9.440658197812567, 41.103230545682521 ], [ 9.442209999452707, 41.101999515603822 ], [ 9.44248262090108, 41.101809301859483 ], [ 9.44316090919679, 41.101734632417745 ], [ 9.44611300153888, 41.101552087166205 ], [ 9.44693479207257, 41.101566917512358 ], [ 9.447371053187739, 41.101583240490783 ], [ 9.449217383998038, 41.102312458647503 ], [ 9.449742457938038, 41.10269099724605 ], [ 9.450397668393222, 41.10490327204063 ], [ 9.450478785293313, 41.105445684568956 ], [ 9.451434118166747, 41.108215272846039 ], [ 9.454036715567451, 41.112582913733647 ], [ 9.455093894924987, 41.11389390492657 ], [ 9.461788027716354, 41.120731321365305 ], [ 9.470847971961735, 41.125018458826162 ], [ 9.471040414502301, 41.125067215248663 ], [ 9.47122987681351, 41.125115984439965 ], [ 9.471710632270643, 41.125708540505684 ], [ 9.4717472088679, 41.125825493835016 ], [ 9.472775928490677, 41.133257319065088 ], [ 9.472740498544511, 41.13350856032686 ], [ 9.472632704132383, 41.133844547461536 ], [ 9.472542170336123, 41.134096014700354 ], [ 9.472120726793841, 41.134515485343606 ], [ 9.470905991259821, 41.134799702144115 ], [ 9.469174364671785, 41.134863067489704 ], [ 9.468694216227215, 41.1347805730231 ], [ 9.467973505448633, 41.134587581099233 ], [ 9.465713505852333, 41.135119198427361 ], [ 9.464834204157858, 41.135456043498152 ], [ 9.464419265289353, 41.135750473892017 ], [ 9.463771240492141, 41.136784491636782 ], [ 9.463703747824889, 41.137352261811571 ], [ 9.464460132623016, 41.140276785986615 ], [ 9.464994504110845, 41.141283517435056 ], [ 9.465151315838641, 41.141553120052279 ], [ 9.466928664314, 41.143500645680753 ], [ 9.468999660744318, 41.142744576132678 ], [ 9.469446970974195, 41.142391445815214 ], [ 9.470145680607764, 41.141785066484552 ], [ 9.480121701607317, 41.140491819248219 ], [ 9.480479043413258, 41.140474565387912 ], [ 9.480538604689899, 41.140472064951126 ], [ 9.480836516599735, 41.14047532582196 ], [ 9.481086768506566, 41.140478784971393 ], [ 9.48130190131617, 41.140567966079558 ], [ 9.481541654807375, 41.140765137766209 ], [ 9.482203196370822, 41.141609113765895 ], [ 9.482396087451066, 41.141914574560509 ], [ 9.482397935616975, 41.142166788258066 ], [ 9.482366811352779, 41.142797472136053 ], [ 9.482293444992424, 41.14355894657465 ], [ 9.48321306960707, 41.144451379319115 ], [ 9.485289070893943, 41.14641538172787 ], [ 9.485682439300247, 41.146431739793087 ], [ 9.496827063795374, 41.144007252489374 ], [ 9.510156774876375, 41.140732043116969 ], [ 9.517264636093238, 41.143790054834717 ], [ 9.517865386015108, 41.144417907680115 ], [ 9.516997901339693, 41.146241398931132 ], [ 9.516090277815552, 41.147511078095647 ], [ 9.514881378595627, 41.151403390868104 ], [ 9.514325457607075, 41.15499101127488 ], [ 9.514740388088926, 41.156232244418582 ], [ 9.519489156692927, 41.156895523924689 ], [ 9.526151160648928, 41.156838262095164 ], [ 9.529434456499695, 41.153102965015954 ], [ 9.532397901036632, 41.143757136804943 ], [ 9.536421080404654, 41.137905859604729 ], [ 9.534068968645508, 41.138227560554263 ], [ 9.531531933498556, 41.138338382326772 ], [ 9.530828745722285, 41.138314600862913 ], [ 9.530494770214361, 41.138271099494268 ], [ 9.530172202216914, 41.138164489768648 ], [ 9.526067750964938, 41.13634006474004 ], [ 9.525977608562421, 41.136055601887527 ], [ 9.525886779936975, 41.135685566325023 ], [ 9.525872437665994, 41.135381614451902 ], [ 9.526465043693866, 41.134059249169411 ], [ 9.526624787236777, 41.133735360547369 ], [ 9.5344159860601, 41.134739893243292 ], [ 9.539535732797663, 41.136130268490582 ], [ 9.544938556406388, 41.134267224716773 ], [ 9.545639168583577, 41.133984663040017 ], [ 9.545791585774147, 41.133686680597819 ], [ 9.545946437671995, 41.132604998013491 ], [ 9.546060070483774, 41.131401903627548 ], [ 9.544913456610802, 41.129074284391962 ], [ 9.544653193876874, 41.12857557579855 ], [ 9.544371115925189, 41.128140025532886 ], [ 9.543503528977629, 41.127851364279167 ], [ 9.542834852107168, 41.127665351183587 ], [ 9.542583943350783, 41.127576454258502 ], [ 9.538880665426609, 41.12269240274248 ], [ 9.539966727078351, 41.116400908580403 ], [ 9.540252974400666, 41.114994329010592 ], [ 9.540415215114285, 41.114444084346367 ], [ 9.540651798919749, 41.114244800954495 ], [ 9.540841623208085, 41.114153829047353 ], [ 9.544689107966033, 41.112748481118153 ], [ 9.545271582342302, 41.112610606641539 ], [ 9.545914204174656, 41.112544507384072 ], [ 9.546592626187145, 41.112487244510049 ], [ 9.547176892731018, 41.112565541349852 ], [ 9.548013442404244, 41.112903866744723 ], [ 9.54822969569865, 41.113128036232403 ], [ 9.548422507130025, 41.113397356916735 ], [ 9.548471348972996, 41.113541250679489 ], [ 9.54830662949802, 41.113785249041619 ], [ 9.548200449155663, 41.113907361478859 ], [ 9.548106026587751, 41.11401140187224 ], [ 9.548133294002433, 41.11442563759838 ], [ 9.550245541479111, 41.116334258601803 ], [ 9.553758924206395, 41.119118890176388 ], [ 9.554129081339743, 41.119225205398784 ], [ 9.560876200774981, 41.119823109155377 ], [ 9.561185204674912, 41.11974053244375 ], [ 9.564245129726974, 41.118185231488397 ], [ 9.565168548938503, 41.117523126129583 ], [ 9.566893358002591, 41.115866201315932 ], [ 9.569533146344959, 41.109835883024111 ], [ 9.570631550902656, 41.100516233116487 ], [ 9.564958637266118, 41.09025709875803 ], [ 9.560705896549504, 41.084404673672651 ], [ 9.551686331909009, 41.079277629483315 ], [ 9.54859660313616, 41.079931948508232 ], [ 9.544587124995752, 41.081662485776832 ], [ 9.54307354855746, 41.084354008366823 ], [ 9.544925216297543, 41.088002505754076 ], [ 9.544207595880728, 41.089050823260379 ], [ 9.543864927131182, 41.089367720008774 ], [ 9.543746611452901, 41.089458357938575 ], [ 9.543403121997692, 41.0896761696048 ], [ 9.543248716092005, 41.089721937908706 ], [ 9.542488070722388, 41.089887665528735 ], [ 9.540893706463583, 41.090021272731008 ], [ 9.540332280828284, 41.089798707615458 ], [ 9.529846247386423, 41.073930288472134 ], [ 9.529508333423914, 41.073355329746839 ], [ 9.529194017042332, 41.07275323738213 ], [ 9.528998298367327, 41.07209655216721 ], [ 9.528654197156575, 41.070746930145148 ], [ 9.528634142734306, 41.069729117695402 ], [ 9.528935662869566, 41.068736852788916 ], [ 9.529286441370358, 41.067951545621909 ], [ 9.530608390438887, 41.06656723984586 ], [ 9.532497891353396, 41.061775269054721 ], [ 9.531838842347785, 41.061219813742049 ], [ 9.526983134352783, 41.05674711755978 ], [ 9.526179588783895, 41.055967091976171 ], [ 9.525825095757076, 41.05478865799374 ], [ 9.523532498193935, 41.053432125392241 ], [ 9.523276399879119, 41.053212591804041 ], [ 9.523004839877425, 41.05273076858208 ], [ 9.522929776451718, 41.052080279062281 ], [ 9.523002153207004, 41.049386548186853 ], [ 9.523021504354046, 41.049012625619973 ], [ 9.524147706836766, 41.046046114738935 ], [ 9.524293653419212, 41.045695263125076 ], [ 9.525435724150586, 41.044737461748156 ], [ 9.526445249658336, 41.042641859844622 ], [ 9.526469571849715, 41.042521266047096 ], [ 9.519627707061035, 41.027507725758845 ], [ 9.513874289140634, 41.017674173492374 ], [ 9.510402594883933, 41.016671684877167 ], [ 9.508063130238952, 41.015773329333115 ], [ 9.507758094874832, 41.015543841056015 ], [ 9.507416615135766, 41.015020622799838 ], [ 9.505442363118997, 41.010932863467346 ], [ 9.505521691641906, 41.01042018115119 ], [ 9.50591990645637, 41.009426415156902 ], [ 9.506172415735163, 41.009206860147152 ], [ 9.512801460776574, 41.007968220035508 ], [ 9.513323974907681, 41.00787581344084 ], [ 9.523732939818919, 41.01022964790964 ], [ 9.52499010021933, 41.011112352395308 ], [ 9.529092856234188, 41.016864403313221 ], [ 9.529202695935744, 41.017028296151793 ], [ 9.529344320745771, 41.017262982155493 ], [ 9.529658144905072, 41.017836933841238 ], [ 9.529914792840808, 41.018881817318452 ], [ 9.52984106988867, 41.019329182324903 ], [ 9.52959552338622, 41.019670365936463 ], [ 9.529010657479052, 41.020154984394956 ], [ 9.528145613692404, 41.020556433492416 ], [ 9.527321125605134, 41.022315658589278 ], [ 9.526736492158802, 41.02880527314948 ], [ 9.527072568584552, 41.029182075928816 ], [ 9.527588226136722, 41.029702184220731 ], [ 9.528400480235771, 41.030121843031708 ], [ 9.528966649062712, 41.030262248367805 ], [ 9.529123053452331, 41.030296436974076 ], [ 9.531045558496992, 41.030650169763938 ], [ 9.531448407045664, 41.030450136598219 ], [ 9.532168649169193, 41.029780214702328 ], [ 9.53232803651688, 41.029630845277232 ], [ 9.532354557052241, 41.029600321219 ], [ 9.532539506801969, 41.029117534998342 ], [ 9.532497793806025, 41.028922927619625 ], [ 9.540000482785759, 41.029789952504409 ], [ 9.547125931809662, 41.031765145225023 ], [ 9.555952119298203, 41.035582860919263 ], [ 9.557060912604703, 41.036574022485411 ], [ 9.559489439631447, 41.037463063648708 ], [ 9.561215139982989, 41.037713654899065 ], [ 9.561436383466873, 41.037498636299453 ], [ 9.561804221139361, 41.037035182168573 ], [ 9.563150781434702, 41.034677506728215 ], [ 9.56287996493079, 41.025229372133538 ], [ 9.560490129855509, 41.023068947706939 ], [ 9.556604543625706, 41.019114089455833 ], [ 9.551381508053717, 41.008567074414493 ], [ 9.5512890168313, 41.008349070561195 ], [ 9.551010036716084, 41.007513777213035 ], [ 9.550896736389374, 41.006938926468862 ], [ 9.550932067285585, 41.006719185273091 ], [ 9.551254843467012, 41.006388845682444 ], [ 9.551882545412505, 41.005906160591898 ], [ 9.553411236516004, 41.004919201751818 ], [ 9.554616627520675, 41.004201766293512 ], [ 9.555479571755917, 41.003771978441101 ], [ 9.556333600275034, 41.003520136775428 ], [ 9.557573698924339, 41.003400417642439 ], [ 9.569749872528062, 41.00512222707701 ], [ 9.570457756661423, 41.004819207076409 ], [ 9.571080466238426, 41.004637087193586 ], [ 9.571298719652891, 41.004608982981651 ], [ 9.571501316282582, 41.004660899877173 ], [ 9.572222709833291, 41.004890405510253 ], [ 9.572923862359094, 41.005356469809179 ], [ 9.573027579650304, 41.005489949835656 ], [ 9.572994771242653, 41.005648880068556 ], [ 9.572927295115612, 41.005752810287753 ], [ 9.572730640131974, 41.006044297333638 ], [ 9.572651352636559, 41.006157292436328 ], [ 9.572531446920884, 41.006214189103119 ], [ 9.572360516247745, 41.00621503798267 ], [ 9.572262229948668, 41.006194131585133 ], [ 9.572169235228763, 41.005925476066508 ], [ 9.572066532866144, 41.005909095503924 ], [ 9.571872676696543, 41.006009148165973 ], [ 9.571753782718719, 41.006183142465098 ], [ 9.571698681587597, 41.006343309811811 ], [ 9.571710273428048, 41.006480625946459 ], [ 9.57194979312986, 41.007019923126855 ], [ 9.573107262812895, 41.007996057573912 ], [ 9.573508850607634, 41.008195615119561 ], [ 9.573989554104235, 41.008261908719888 ], [ 9.575478506426197, 41.007864884301242 ], [ 9.575630810752928, 41.007772917063392 ], [ 9.575647853797047, 41.007681625202594 ], [ 9.575520061352634, 41.007515613214892 ], [ 9.57491605013346, 41.006943235453612 ], [ 9.574812070854083, 41.0069516361647 ], [ 9.574756275654419, 41.007030734925074 ], [ 9.574717149835921, 41.007146911024378 ], [ 9.574596686601643, 41.007139628540543 ], [ 9.5744190148424, 41.007049306418082 ], [ 9.573830290615279, 41.006352985344471 ], [ 9.573149471708495, 41.004975881881357 ], [ 9.573331655418944, 41.004216044896069 ], [ 9.574195322319611, 41.003027178809184 ], [ 9.574461916370165, 41.002746599921565 ], [ 9.574645911392686, 41.002710776149655 ], [ 9.575612875520081, 41.002637266060219 ], [ 9.575898084974924, 41.002617824239714 ], [ 9.576839528790345, 41.002856336560136 ], [ 9.591496459783439, 41.014339433340481 ], [ 9.593921348462612, 41.018173412439019 ], [ 9.594597556847674, 41.019304944689004 ], [ 9.595080386607457, 41.022734525492567 ], [ 9.596284407683934, 41.020890657429554 ], [ 9.600196847176319, 41.019014687389401 ], [ 9.602515583375681, 41.018957548994905 ], [ 9.607341922798796, 41.018689000676424 ], [ 9.608229339178973, 41.018188877169301 ], [ 9.619399508626087, 41.009535686326402 ], [ 9.621460471814146, 41.006128545716081 ], [ 9.630307539254661, 41.002378182537207 ], [ 9.630911609978124, 41.002131659337408 ], [ 9.631053858609564, 41.002085841678742 ], [ 9.635278463045038, 41.001206865691557 ], [ 9.638107945132592, 41.000853433786261 ], [ 9.642529821366665, 41.000869406282824 ], [ 9.643651488465284, 41.001430657889863 ], [ 9.64573546349421, 41.002666621955655 ], [ 9.647001246261189, 41.003519796419326 ], [ 9.650217081175208, 41.004060201950445 ], [ 9.650598011800087, 41.004103092376042 ], [ 9.655991649364438, 41.004513918985985 ], [ 9.656634810858895, 41.004170202925287 ], [ 9.657151354006647, 41.00379905292894 ], [ 9.65831090278836, 41.002922030244633 ], [ 9.663969069056643, 40.997854057219385 ], [ 9.664129204836222, 40.997668468396995 ], [ 9.664565722563873, 40.996441979029818 ], [ 9.66487821809543, 40.995445908587143 ], [ 9.664365882842535, 40.994448965633644 ], [ 9.664004193831753, 40.994097481051142 ], [ 9.652650330395511, 40.98432772566894 ], [ 9.652184707578407, 40.984123174485262 ], [ 9.65185161439631, 40.984098033916979 ], [ 9.651674977338109, 40.984117048948669 ], [ 9.651436025650554, 40.984145424045039 ], [ 9.647804339165639, 40.984742409357558 ], [ 9.647558130374817, 40.984788832661913 ], [ 9.647365321848062, 40.98482594829494 ], [ 9.63655242421253, 40.987786776460027 ], [ 9.634514876587833, 40.988536674950787 ], [ 9.631225437275454, 40.990158178923899 ], [ 9.630516030790302, 40.990567424752804 ], [ 9.624671558905826, 40.99484093646506 ], [ 9.623508056016252, 40.996119629872666 ], [ 9.622292933807984, 40.998077576136517 ], [ 9.621301204177049, 41.000249373318901 ], [ 9.621315442496384, 41.000499272216416 ], [ 9.621466896840552, 41.000800225632815 ], [ 9.621518868357064, 41.000953083290447 ], [ 9.621520730005642, 41.001151251028453 ], [ 9.62130764709069, 41.001410256590781 ], [ 9.621132571894037, 41.001601495738257 ], [ 9.620692885145148, 41.001946171598604 ], [ 9.620523012531496, 41.002058561283739 ], [ 9.619786974934261, 41.002342898414227 ], [ 9.619078781443925, 41.002585418558489 ], [ 9.613161825827579, 41.003722790486563 ], [ 9.612353035922498, 41.003700064552845 ], [ 9.611255966882405, 41.003363579971605 ], [ 9.610969270604132, 41.003220970241799 ], [ 9.591421139918618, 40.99045371939156 ], [ 9.589143076843577, 40.989960930430826 ], [ 9.588877620459945, 40.989855315463544 ], [ 9.585337947086831, 40.988017670424213 ], [ 9.585037325590951, 40.987630720913799 ], [ 9.584681712166551, 40.987074021678303 ], [ 9.582540243088024, 40.983003055601827 ], [ 9.582473437221285, 40.97963209866468 ], [ 9.58264332059856, 40.977325157289705 ], [ 9.582787923498149, 40.976198408316812 ], [ 9.58288094712641, 40.975963726356269 ], [ 9.583058352953145, 40.975863739836434 ], [ 9.583485830664921, 40.975816536898421 ], [ 9.587653958385822, 40.973043376640582 ], [ 9.593879562598127, 40.968475871835786 ], [ 9.593244327441507, 40.966551398297561 ], [ 9.582038930396976, 40.9545375715796 ], [ 9.5796666635647, 40.955181221444349 ], [ 9.578369534686136, 40.954274532052978 ], [ 9.57764427465837, 40.953710652953554 ], [ 9.577350696684292, 40.953427239425842 ], [ 9.568348073152917, 40.942788258634984 ], [ 9.568152001911184, 40.942435653211206 ], [ 9.567967175542202, 40.942008674741032 ], [ 9.567468423018047, 40.940817543981673 ], [ 9.567385901361906, 40.940197510053032 ], [ 9.567409062539785, 40.939607358899082 ], [ 9.567514629370409, 40.938408748278853 ], [ 9.567651330504281, 40.937205481715836 ], [ 9.567771958947231, 40.936552917528864 ], [ 9.567967176982105, 40.936115058352755 ], [ 9.568221813912533, 40.935680283225359 ], [ 9.568339893272931, 40.935597501660808 ], [ 9.568531791446466, 40.935465936542016 ], [ 9.570077543224228, 40.934434747353123 ], [ 9.570793788392844, 40.933983044909127 ], [ 9.571039719137064, 40.933919896236802 ], [ 9.571271445718367, 40.933931134809058 ], [ 9.571669042123625, 40.934237695132609 ], [ 9.571724765344547, 40.934328626768377 ], [ 9.572133311732225, 40.934527033644464 ], [ 9.572568422153207, 40.93470616367032 ], [ 9.572849693480222, 40.934780210072226 ], [ 9.573608279461277, 40.934934082850432 ], [ 9.57371373436068, 40.934938062345076 ], [ 9.574080323898341, 40.934919347275034 ], [ 9.574299811939412, 40.934888977406075 ], [ 9.57445303621232, 40.934750838844039 ], [ 9.575258269184726, 40.933948472198487 ], [ 9.575301406066181, 40.933786108889798 ], [ 9.575399781697, 40.92920944628468 ], [ 9.575280027260241, 40.928754002962307 ], [ 9.574994671982648, 40.928205925287067 ], [ 9.574833906909742, 40.927986025601307 ], [ 9.570655146046125, 40.926153340147472 ], [ 9.566341987780095, 40.92472315485653 ], [ 9.562887076659823, 40.923991262172976 ], [ 9.562382612092335, 40.92402525257183 ], [ 9.5613831828268, 40.924164119931234 ], [ 9.545003535246744, 40.92611415900231 ], [ 9.539125458159708, 40.92587492262431 ], [ 9.539092934860024, 40.925891965235138 ], [ 9.536858649212171, 40.928834566820335 ], [ 9.536391591645772, 40.929461686220435 ], [ 9.534723418999794, 40.932301393870844 ], [ 9.534565385216219, 40.932589264912366 ], [ 9.531993907199679, 40.933161917969628 ], [ 9.529087467001819, 40.933629079511462 ], [ 9.527653848077987, 40.9337155972269 ], [ 9.523857204169172, 40.933523467261729 ], [ 9.523769442909522, 40.93350359728322 ], [ 9.521232254436775, 40.932032115877561 ], [ 9.518365035971032, 40.930492249693856 ], [ 9.517896310498136, 40.930359231407827 ], [ 9.509006143180393, 40.928079198185657 ], [ 9.508602700897026, 40.928323074615093 ], [ 9.508254873948632, 40.928656788409157 ], [ 9.502369522571239, 40.927469844234622 ], [ 9.501508842722465, 40.919866132156137 ], [ 9.50147209893421, 40.918932812433347 ], [ 9.501541745870609, 40.917934845615285 ], [ 9.503811748819379, 40.912694534340353 ], [ 9.503870194555867, 40.912572667491517 ], [ 9.504867241504618, 40.91173729500106 ], [ 9.505171308853855, 40.911514136067744 ], [ 9.505347291302355, 40.911428911065364 ], [ 9.505468853295362, 40.911409235612822 ], [ 9.50592101540043, 40.911337439209063 ], [ 9.506574039175664, 40.911328942313929 ], [ 9.529442651259995, 40.913951215115141 ], [ 9.546351140945028, 40.91939214469452 ], [ 9.56336482363764, 40.919062553218041 ], [ 9.564743369174375, 40.916908471868332 ], [ 9.565682524031105, 40.914414216531085 ], [ 9.565901281911069, 40.914131636248214 ], [ 9.571545678855932, 40.908202272261185 ], [ 9.573607946757191, 40.906049195321962 ], [ 9.574259923781936, 40.90541199539804 ], [ 9.57510288244055, 40.904722040748837 ], [ 9.575944518920078, 40.904052356117383 ], [ 9.576656761465891, 40.903524065638919 ], [ 9.577383642931315, 40.90314433390278 ], [ 9.581457177174869, 40.901411174148464 ], [ 9.586060356323836, 40.899853090028572 ], [ 9.587487402681555, 40.899618370876496 ], [ 9.588661233094234, 40.899614637388893 ], [ 9.589763871255759, 40.899782412456233 ], [ 9.591106314293068, 40.900381345056807 ], [ 9.591421030347664, 40.900558770224876 ], [ 9.591853672706216, 40.900813286194762 ], [ 9.600828822863621, 40.906836183337774 ], [ 9.601018468272114, 40.906963562701698 ], [ 9.605416001973754, 40.910041646980162 ], [ 9.605692539083199, 40.910255268213184 ], [ 9.605909369193395, 40.910432040527056 ], [ 9.606159585630961, 40.910688586562536 ], [ 9.606317329809237, 40.910896072582993 ], [ 9.606608970603189, 40.911299910814684 ], [ 9.606715399783061, 40.911576352702966 ], [ 9.606729375927296, 40.912455708557658 ], [ 9.606710893813633, 40.912544761890906 ], [ 9.606506195379295, 40.912884773354349 ], [ 9.606341514170779, 40.913543241823682 ], [ 9.606342604651244, 40.913662595187667 ], [ 9.606438407352174, 40.914075342741349 ], [ 9.607167065565227, 40.916004901309584 ], [ 9.607312909368726, 40.916370090908835 ], [ 9.607392484016064, 40.91646876397585 ], [ 9.607623681290061, 40.916752429780573 ], [ 9.608326035453262, 40.917263322142787 ], [ 9.608430623254938, 40.917337087906049 ], [ 9.609027855063324, 40.917714533033468 ], [ 9.611092535547789, 40.918825133775179 ], [ 9.61359992501329, 40.919803849109329 ], [ 9.619879317100162, 40.920127214989357 ], [ 9.630242895471344, 40.917824614131149 ], [ 9.638509519814319, 40.91904028811156 ], [ 9.641533673425721, 40.919839872064735 ], [ 9.642146596174918, 40.919976088044109 ], [ 9.642841009074115, 40.92009608201198 ], [ 9.643014902540466, 40.92011763319119 ], [ 9.644287579886342, 40.920013690473624 ], [ 9.64442873706712, 40.919874402072509 ], [ 9.644766484209043, 40.919037002143995 ], [ 9.645223207988225, 40.917765413545972 ], [ 9.645201233556636, 40.917642799503184 ], [ 9.627331586975, 40.898630426071968 ], [ 9.62462325492284, 40.89626131897009 ], [ 9.62339212812339, 40.895371657266452 ], [ 9.622478230439361, 40.894918298558196 ], [ 9.622406687550191, 40.894884905257015 ], [ 9.622330046441053, 40.894940493046157 ], [ 9.622304075608394, 40.895019455142695 ], [ 9.622040351134736, 40.895538853028611 ], [ 9.621188196467324, 40.895974717866729 ], [ 9.621025391969855, 40.896020634480394 ], [ 9.620072745493751, 40.89618453121421 ], [ 9.619737276474234, 40.896173947949848 ], [ 9.61536010279641, 40.894784217517135 ], [ 9.615126354039583, 40.894380091476286 ], [ 9.614903182536874, 40.893836282118507 ], [ 9.614855925795021, 40.893540387000741 ], [ 9.614779565749153, 40.892985660161834 ], [ 9.614891819057245, 40.892128150426508 ], [ 9.615106042131101, 40.890745365673887 ], [ 9.61519148920104, 40.890518577302053 ], [ 9.615952950632769, 40.889586661690899 ], [ 9.61608584890023, 40.889517263281775 ], [ 9.616207022066018, 40.889463692855671 ], [ 9.616325270535604, 40.889414641198968 ], [ 9.616482378092297, 40.889395784852688 ], [ 9.617556698457488, 40.889401297755462 ], [ 9.617924747289884, 40.889408334761868 ], [ 9.632784656711543, 40.884546622063425 ], [ 9.635325179316807, 40.884593460938298 ], [ 9.635700019480685, 40.881591640224116 ], [ 9.636086229335355, 40.87978109998393 ], [ 9.640664743693675, 40.87426070665915 ], [ 9.644209493219011, 40.874186912648113 ], [ 9.6480374832328, 40.876994070046933 ], [ 9.648191891514251, 40.877766787023646 ], [ 9.647927636887589, 40.877748003023065 ], [ 9.645936758091656, 40.877903302458364 ], [ 9.64548055283143, 40.879199670290944 ], [ 9.645448272289583, 40.879389026190495 ], [ 9.645472152251772, 40.879556670273196 ], [ 9.64563256714038, 40.879881196163403 ], [ 9.6457849131084, 40.879986190408886 ], [ 9.647599151333702, 40.880728209300841 ], [ 9.647797229622519, 40.88080591904788 ], [ 9.647948636767509, 40.880814076904095 ], [ 9.648422254297486, 40.880697685792043 ], [ 9.650738665233845, 40.879386322256948 ], [ 9.656629782263503, 40.875017700139054 ], [ 9.655668308448776, 40.872744074125038 ], [ 9.654038684638323, 40.870851452801759 ], [ 9.652356615523606, 40.861338084934289 ], [ 9.652354615870406, 40.861134283644226 ], [ 9.652445309373547, 40.860854512969787 ], [ 9.652935827737577, 40.860057880899049 ], [ 9.653111759852028, 40.859849695017139 ], [ 9.653698958978707, 40.859233802971659 ], [ 9.654407932436333, 40.85863523475075 ], [ 9.655052528653117, 40.858127110594054 ], [ 9.65574465912891, 40.85762772097199 ], [ 9.65683181934225, 40.856882854093122 ], [ 9.657287535622787, 40.856624647350252 ], [ 9.657482387593756, 40.856532327969411 ], [ 9.657887809738536, 40.856437681446103 ], [ 9.663785665767969, 40.855816100104278 ], [ 9.664838574217585, 40.853882257904566 ], [ 9.665176666091119, 40.853285760239643 ], [ 9.665983713400809, 40.853019864182798 ], [ 9.667013515855961, 40.85293283774454 ], [ 9.667673097175451, 40.853046129947316 ], [ 9.672110138100008, 40.85641649513569 ], [ 9.672486435785581, 40.856963807307039 ], [ 9.672838368436055, 40.8580337440401 ], [ 9.672785114860067, 40.858340335654269 ], [ 9.672840849003794, 40.85871835940663 ], [ 9.676010389034595, 40.861357275214203 ], [ 9.677256880453008, 40.861710296023077 ], [ 9.67773842497466, 40.861662424935254 ], [ 9.677941724676673, 40.861381972760739 ], [ 9.678411585403921, 40.861352185164044 ], [ 9.681121291099544, 40.860768693922296 ], [ 9.683404289130918, 40.860232708882002 ], [ 9.684249721015838, 40.859948439352642 ], [ 9.684763593831192, 40.859585058009017 ], [ 9.687500389828593, 40.856757063827381 ], [ 9.687378102870834, 40.855831063797694 ], [ 9.687363784663843, 40.854876269001139 ], [ 9.6879413108121, 40.85350356341965 ], [ 9.688254716278468, 40.852978086658908 ], [ 9.688742213589933, 40.852222983059875 ], [ 9.689641068616007, 40.850953071826112 ], [ 9.693022962595087, 40.84661782220477 ], [ 9.693524558667407, 40.846371583141405 ], [ 9.716182131901206, 40.842366319699657 ], [ 9.724701109031137, 40.844192474150404 ], [ 9.724653970818597, 40.844357173164489 ], [ 9.725253501388798, 40.844809450918291 ], [ 9.725593859372655, 40.844882753913588 ], [ 9.726300173516407, 40.844792731250536 ], [ 9.727911524352878, 40.844480795011869 ], [ 9.727978746972509, 40.844255163202931 ], [ 9.724218301947053, 40.838116021004829 ], [ 9.720037938726739, 40.835029814412799 ], [ 9.716912333377532, 40.833898467232181 ], [ 9.713902674324013, 40.833062466746895 ], [ 9.709964141557423, 40.83255978544792 ], [ 9.697631336412215, 40.834570690734758 ], [ 9.694777269334381, 40.83640534587763 ], [ 9.69059480955443, 40.837118472164981 ], [ 9.6896229198132, 40.837044335711141 ], [ 9.689230692831075, 40.836965605060925 ], [ 9.687870131481988, 40.83629584907009 ], [ 9.687157384002134, 40.835902605595443 ], [ 9.686730169129341, 40.835593234519543 ], [ 9.686302501813199, 40.835239950368901 ], [ 9.681174574187597, 40.826581798604451 ], [ 9.680939038149235, 40.825583263672335 ], [ 9.680656171150556, 40.824304621138594 ], [ 9.68063040983137, 40.823089770348751 ], [ 9.680806619514065, 40.82234666719868 ], [ 9.681158611573759, 40.821834492925689 ], [ 9.681768459684656, 40.821461548003427 ], [ 9.682155595349528, 40.821342151001232 ], [ 9.683651725747183, 40.821103580256121 ], [ 9.687103950394228, 40.819668759860143 ], [ 9.687980564807505, 40.819010429375673 ], [ 9.689164152969353, 40.817796246905317 ], [ 9.691648045527081, 40.813061000891771 ], [ 9.691913807573895, 40.811536991595936 ], [ 9.691920260547034, 40.811302172295044 ], [ 9.691886636084899, 40.81120384505062 ], [ 9.691118553931265, 40.809881966659781 ], [ 9.688416977474731, 40.806454666267157 ], [ 9.688251984235936, 40.806263096851175 ], [ 9.685862229901041, 40.806035227059382 ], [ 9.685595579226295, 40.80604469422191 ], [ 9.685266888102703, 40.806217806469604 ], [ 9.685195020512365, 40.806290299965077 ], [ 9.685202477936073, 40.806727162655655 ], [ 9.685249272833438, 40.807242613789612 ], [ 9.68504654840399, 40.808136773445227 ], [ 9.684433991754734, 40.808521013784784 ], [ 9.683667647210553, 40.80879468093444 ], [ 9.683624740911114, 40.808801691499063 ], [ 9.681392329504934, 40.809040108249114 ], [ 9.680910050241279, 40.808978769393804 ], [ 9.680173379094668, 40.808822090407098 ], [ 9.678385055935154, 40.808284235295837 ], [ 9.678087461546019, 40.808166622751344 ], [ 9.677462443215909, 40.807912429350282 ], [ 9.67659359453822, 40.807434453255112 ], [ 9.675838189057087, 40.806889369699071 ], [ 9.675196042527446, 40.806259164169852 ], [ 9.67435195617044, 40.805295700248948 ], [ 9.673692959918769, 40.804461770148222 ], [ 9.673160902065513, 40.803722809541952 ], [ 9.672414529914139, 40.802597735516912 ], [ 9.671865804515141, 40.801525555527128 ], [ 9.671138106576521, 40.799454482782416 ], [ 9.67036985317397, 40.796146113022182 ], [ 9.670278946166194, 40.795652304188145 ], [ 9.670175031066524, 40.793717227334106 ], [ 9.670164215898135, 40.792641913743374 ], [ 9.67018407442861, 40.791522502786691 ], [ 9.670278543366576, 40.789866659293288 ], [ 9.670393884566018, 40.788224206718979 ], [ 9.670701395083636, 40.786981511492961 ], [ 9.671389944023698, 40.784666285547758 ], [ 9.672171365522544, 40.78333918978371 ], [ 9.67248894936105, 40.782806967446753 ], [ 9.680361929321338, 40.773004693106913 ], [ 9.682716828831458, 40.770090070169346 ], [ 9.686692259918786, 40.76649914158736 ], [ 9.687652587559183, 40.765839184816741 ], [ 9.703588895057717, 40.755615380911664 ], [ 9.704975752069803, 40.755692497642961 ], [ 9.705681377752093, 40.755623999454286 ], [ 9.706668899450543, 40.75546706689633 ], [ 9.711067567578729, 40.754277957416598 ], [ 9.714960097475432, 40.753130104094566 ], [ 9.715121383191017, 40.752704582768736 ], [ 9.715083755125393, 40.752025802176817 ], [ 9.717951149015702, 40.748304400255456 ], [ 9.714219150163624, 40.746711662351579 ], [ 9.713506660909271, 40.746266772370319 ], [ 9.71154030143625, 40.740282650419388 ], [ 9.714315247509015, 40.725523127495578 ], [ 9.713711687440858, 40.725139497297597 ], [ 9.713209296820153, 40.724665151378481 ], [ 9.712876192882282, 40.723964546375946 ], [ 9.712544422878013, 40.72311078732772 ], [ 9.712364099343898, 40.722301135477352 ], [ 9.712362962225287, 40.722055660782331 ], [ 9.712363641246835, 40.721841704863309 ], [ 9.71237048700754, 40.721373220566917 ], [ 9.714967908049507, 40.709884824652271 ], [ 9.715349923397019, 40.70907619562584 ], [ 9.716952771392972, 40.706201541618775 ], [ 9.717649837662089, 40.704972052335556 ], [ 9.718314851595411, 40.704067062130818 ], [ 9.72018697028521, 40.702037487451605 ], [ 9.720831550533225, 40.701438901375155 ], [ 9.722074700311991, 40.700368125620493 ], [ 9.723061999262306, 40.699722339806911 ], [ 9.732297845335921, 40.694619342782765 ], [ 9.732993633939001, 40.694389713747412 ], [ 9.733973058129937, 40.694122243146623 ], [ 9.734280168969564, 40.694066239454848 ], [ 9.735309397059948, 40.694023654084994 ], [ 9.735747282863594, 40.694020864198059 ], [ 9.736351750195112, 40.694098086794902 ], [ 9.736767058222757, 40.694194530802449 ], [ 9.737859535267821, 40.694520869105901 ], [ 9.742180064824103, 40.691367211036145 ], [ 9.745641433649778, 40.687615371130484 ], [ 9.746015287426276, 40.687180545222148 ], [ 9.749685554608822, 40.679931914650155 ], [ 9.750731768169578, 40.677204532409689 ], [ 9.751736026225295, 40.67390987353324 ], [ 9.751388775017526, 40.67143477861854 ], [ 9.750778741063234, 40.670844183364849 ], [ 9.750441525144215, 40.670314868760833 ], [ 9.75025720156332, 40.669703483765851 ], [ 9.74914303262714, 40.665161390810212 ], [ 9.74864530379201, 40.663101653216174 ], [ 9.748665535497389, 40.662795230654481 ], [ 9.748828510238567, 40.660442933784623 ], [ 9.74970039565434, 40.656959961925736 ], [ 9.749813129931674, 40.656463757283753 ], [ 9.749866724549349, 40.655967936573333 ], [ 9.749846763556512, 40.65576987748355 ], [ 9.749826902372677, 40.655580827296554 ], [ 9.749645853491607, 40.655257693771766 ], [ 9.749215517063067, 40.654855098861781 ], [ 9.748948281527399, 40.654757738135103 ], [ 9.748799830041104, 40.654704648953363 ], [ 9.748099979670558, 40.654529013853697 ], [ 9.747861342213733, 40.654476509527818 ], [ 9.74734109560446, 40.654362766158798 ], [ 9.746041638181918, 40.653452291837624 ], [ 9.745707257032951, 40.653166176297518 ], [ 9.744483831118632, 40.651642610911544 ], [ 9.744037115447824, 40.650825707644145 ], [ 9.743539805341044, 40.649711843057368 ], [ 9.742808117614524, 40.647725652546242 ], [ 9.742302964316748, 40.645900152301962 ], [ 9.742215091643509, 40.645441278164526 ], [ 9.741600834773623, 40.640166178983151 ], [ 9.7415131976118, 40.637590275689334 ], [ 9.741501436555028, 40.636527333710106 ], [ 9.741591410586798, 40.635040334125449 ], [ 9.741729375501047, 40.633616084043972 ], [ 9.741844469918099, 40.632529804784916 ], [ 9.742431037595374, 40.628638811264679 ], [ 9.742726569316231, 40.626898243401577 ], [ 9.742980423996046, 40.625932687794347 ], [ 9.743142447235533, 40.625616341403322 ], [ 9.745218748999196, 40.622008514189304 ], [ 9.746840336153092, 40.620052171106465 ], [ 9.747319001022603, 40.619508556224027 ], [ 9.747459855641221, 40.619417559316737 ], [ 9.74787350898122, 40.619405872648876 ], [ 9.748239375411762, 40.619349449629915 ], [ 9.7483630979927, 40.619312613115682 ], [ 9.748628176958539, 40.619229817569042 ], [ 9.749627670177242, 40.618745875918457 ], [ 9.753125751847474, 40.615470996080639 ], [ 9.753217687758179, 40.615236171574963 ], [ 9.751137765556798, 40.613186736234482 ], [ 9.750739727534055, 40.612477640343606 ], [ 9.750701845495913, 40.612261678943014 ], [ 9.750583071115294, 40.606929321815805 ], [ 9.750576520336523, 40.606343801083042 ], [ 9.750680903858202, 40.605108935639976 ], [ 9.750722839367658, 40.604631203551421 ], [ 9.75117320534536, 40.602628350402171 ], [ 9.751469794551666, 40.601671501637298 ], [ 9.751756272777095, 40.600867865533438 ], [ 9.754439501320901, 40.596688362592232 ], [ 9.755850045837944, 40.594958480999772 ], [ 9.756969663518984, 40.593635880933078 ], [ 9.758755156330112, 40.591633246362228 ], [ 9.761524524814538, 40.588867372858921 ], [ 9.762811503301741, 40.587732793075226 ], [ 9.763748578976811, 40.587005905408553 ], [ 9.766244470912779, 40.585160612129357 ], [ 9.76755561505788, 40.584215001078753 ], [ 9.768897291855556, 40.583359260400279 ], [ 9.769211282931181, 40.583176996389703 ], [ 9.770856606618034, 40.58240028846172 ], [ 9.77178574368577, 40.582024727494669 ], [ 9.772092723815947, 40.582004658482127 ], [ 9.772814053842424, 40.582053887380525 ], [ 9.772991692314339, 40.582088734744779 ], [ 9.782487103518314, 40.577646573288895 ], [ 9.788361201079793, 40.572786976430201 ], [ 9.790307880607973, 40.569548557738273 ], [ 9.792504328926192, 40.563966124612918 ], [ 9.793953468848514, 40.557145580568353 ], [ 9.794129341219714, 40.555036329056826 ], [ 9.794071180065306, 40.554987180434544 ], [ 9.793843132982948, 40.554804069057752 ], [ 9.793389244826255, 40.554374768165815 ], [ 9.791823778768842, 40.552826998900102 ], [ 9.791558132288895, 40.552333337727639 ], [ 9.791505058295472, 40.551838220638132 ], [ 9.791533399050783, 40.551486685720377 ], [ 9.791556785940228, 40.551216264882619 ], [ 9.791654585738591, 40.550494895557669 ], [ 9.792079960063218, 40.549510026115115 ], [ 9.792679905017422, 40.548307748590197 ], [ 9.792958431086188, 40.547891435530275 ], [ 9.793968777768644, 40.546443097385193 ], [ 9.796175636075574, 40.544319863929076 ], [ 9.797755850002684, 40.543137826356819 ], [ 9.798528649114999, 40.542582953425111 ], [ 9.798833192784073, 40.542373647144373 ], [ 9.800053706367819, 40.541734589084257 ], [ 9.809066108230493, 40.537023313641747 ], [ 9.809359978098556, 40.536913150456527 ], [ 9.809574910422748, 40.53686660052216 ], [ 9.810160892750254, 40.536745379292974 ], [ 9.810491373214576, 40.536734052663476 ], [ 9.81110532811987, 40.536729744214938 ], [ 9.811862922005698, 40.536886582078118 ], [ 9.813046440054128, 40.537112485482105 ], [ 9.814348140361869, 40.537346554431906 ], [ 9.814961445338966, 40.537288178936087 ], [ 9.824547816982465, 40.532337417091725 ], [ 9.826827401766213, 40.530483341583043 ], [ 9.827324948209833, 40.530006059898419 ], [ 9.82764210768706, 40.529573174654402 ], [ 9.828381501139422, 40.528511849406165 ], [ 9.828420166045603, 40.528378286567175 ], [ 9.82820229639186, 40.528144036914625 ], [ 9.827701025775259, 40.527809290535117 ], [ 9.827156630307064, 40.527419686901695 ], [ 9.82599861469242, 40.520678723541415 ], [ 9.825729043525822, 40.517950992109469 ], [ 9.823557415823434, 40.507372160491165 ], [ 9.81995115766796, 40.496181845051119 ], [ 9.811509994414497, 40.480205718363251 ], [ 9.81090161109085, 40.478669476572932 ], [ 9.808953382144713, 40.473620158088885 ], [ 9.808803898404642, 40.473205671401921 ], [ 9.808683482707826, 40.472878818091289 ], [ 9.807396082388392, 40.470162640770042 ], [ 9.800589299245848, 40.45721469704997 ], [ 9.792594825834545, 40.443063896769402 ], [ 9.792317908582618, 40.443079308572671 ], [ 9.79091857647866, 40.443030334709597 ], [ 9.790371237465807, 40.442986780278652 ], [ 9.789329318097799, 40.442747280562891 ], [ 9.786365385766389, 40.441366596795071 ], [ 9.785088729962938, 40.440330240794083 ], [ 9.784636166416966, 40.439942553461364 ], [ 9.783286840827438, 40.438735499722029 ], [ 9.776778621165278, 40.428638747756217 ], [ 9.773819603303281, 40.421824189208195 ], [ 9.773983172214042, 40.415525839462738 ], [ 9.773547276217439, 40.409368884566469 ], [ 9.773195249555668, 40.407701201577225 ], [ 9.77307364828545, 40.407244809826658 ], [ 9.772903296826225, 40.406776356379289 ], [ 9.763869770288791, 40.390724956781483 ], [ 9.759413883813659, 40.38567999044318 ], [ 9.755603774004424, 40.381963960682882 ], [ 9.754866695800764, 40.381366295961918 ], [ 9.754733180238595, 40.381278203684147 ], [ 9.754099215526157, 40.381078511878108 ], [ 9.751076925424913, 40.380895477854949 ], [ 9.748256169912814, 40.381091692867621 ], [ 9.747743822554215, 40.381234647742133 ], [ 9.747163003185479, 40.381311598992063 ], [ 9.74663339407846, 40.381358938974024 ], [ 9.741998360649696, 40.381419178427578 ], [ 9.741735975062818, 40.381394962422178 ], [ 9.735867463739844, 40.378529300305857 ], [ 9.733938931089526, 40.377487499676086 ], [ 9.730495108602028, 40.375475518127089 ], [ 9.72230625900734, 40.370049465547901 ], [ 9.717499977808, 40.366525316993155 ], [ 9.707564684930732, 40.358596626800221 ], [ 9.698039050594961, 40.350914596106882 ], [ 9.696664325341587, 40.34977535557983 ], [ 9.693114746917633, 40.346819179716846 ], [ 9.687253818940802, 40.341735865468927 ], [ 9.684723744142714, 40.339389362268378 ], [ 9.683971639854676, 40.338652815252352 ], [ 9.682307899783972, 40.336970057025361 ], [ 9.680802385960694, 40.335208637977523 ], [ 9.679648349306657, 40.333857302057304 ], [ 9.677556350597483, 40.330969769554073 ], [ 9.675733333540958, 40.328773199532158 ], [ 9.670359062356289, 40.323362960741548 ], [ 9.666279290354261, 40.320242346679223 ], [ 9.665662502951385, 40.319759403284237 ], [ 9.665019010206302, 40.318353174637991 ], [ 9.664219339035039, 40.316019899338343 ], [ 9.663442977365925, 40.314258561606451 ], [ 9.659989838875937, 40.309080036620742 ], [ 9.654358630915212, 40.300985764320203 ], [ 9.654121312265906, 40.300779895731694 ], [ 9.652808340352438, 40.30006658003196 ], [ 9.652737529758095, 40.300044456472406 ], [ 9.65243079208993, 40.299960599819265 ], [ 9.652361535599901, 40.299947476502595 ], [ 9.647097435458035, 40.294702168020635 ], [ 9.632007733505873, 40.276992423357989 ], [ 9.631625522311833, 40.276526031445314 ], [ 9.631523616425344, 40.276319376032049 ], [ 9.630904320706701, 40.274705600900802 ], [ 9.627252784498184, 40.263315273547512 ], [ 9.623921974335298, 40.252783460188667 ], [ 9.62367389710063, 40.251217188279497 ], [ 9.623004118509023, 40.245013418570402 ], [ 9.623043299362884, 40.244157329205514 ], [ 9.62420887774703, 40.235376019559794 ], [ 9.626309315678528, 40.22731037477454 ], [ 9.626582182785912, 40.226308868107573 ], [ 9.626647814606745, 40.226096794639396 ], [ 9.626719153067544, 40.225866671507312 ], [ 9.627098532727327, 40.224945669061256 ], [ 9.62742512317006, 40.224673620081902 ], [ 9.628400535927234, 40.224659319037087 ], [ 9.628557315197673, 40.22461342002444 ], [ 9.628681440350755, 40.224531663429218 ], [ 9.628656112886638, 40.223063286621183 ], [ 9.628212396610552, 40.214470824003456 ], [ 9.627974793194856, 40.214192823518594 ], [ 9.627821030784007, 40.214085545989562 ], [ 9.627690938652291, 40.213996158651817 ], [ 9.627606797037409, 40.213951568016256 ], [ 9.627408081582645, 40.213907600210511 ], [ 9.62694721550195, 40.213630807527551 ], [ 9.626626784139395, 40.213290188962183 ], [ 9.62652137453656, 40.213169133838647 ], [ 9.626389191372033, 40.213012187787939 ], [ 9.626268696833975, 40.212688504806145 ], [ 9.626218458993975, 40.212337413465143 ], [ 9.625707913635473, 40.207934618758344 ], [ 9.62895447931386, 40.191772308186245 ], [ 9.630922663233491, 40.186112738788601 ], [ 9.634117660583549, 40.179788735206969 ], [ 9.634372868212592, 40.179444981488416 ], [ 9.634651477298089, 40.179092089482126 ], [ 9.634872784324786, 40.178892668643066 ], [ 9.637228085615586, 40.177041819341049 ], [ 9.63764895501499, 40.176832287856527 ], [ 9.637754405943877, 40.176804677821615 ], [ 9.637906749061852, 40.176767800797712 ], [ 9.637930742409306, 40.176821726088932 ], [ 9.637990142328741, 40.176893472429235 ], [ 9.638111156759141, 40.176960377142429 ], [ 9.638204112247049, 40.177009414838821 ], [ 9.638308852546025, 40.17706289490507 ], [ 9.638695581326861, 40.176970668660587 ], [ 9.639433635846899, 40.176768387172352 ], [ 9.639714745838365, 40.17668575115168 ], [ 9.640299098250228, 40.176376201044661 ], [ 9.64053267867555, 40.176235265483875 ], [ 9.640626082790353, 40.176176186470698 ], [ 9.642748800464902, 40.174596793402515 ], [ 9.643586557258976, 40.17376327775834 ], [ 9.643760335683954, 40.173510049228248 ], [ 9.644996481581904, 40.171340921480422 ], [ 9.64549317983281, 40.170464243141005 ], [ 9.654479768227532, 40.153584270888196 ], [ 9.654601389440051, 40.152799766357816 ], [ 9.654644545629615, 40.152403110440446 ], [ 9.654652135171997, 40.15197061500627 ], [ 9.654622057603275, 40.150060793373633 ], [ 9.654595809790752, 40.149772642366862 ], [ 9.661407270578234, 40.139075809575615 ], [ 9.669612318356467, 40.131866168848376 ], [ 9.683578654213276, 40.116797383372969 ], [ 9.683674422370759, 40.116693210506526 ], [ 9.683940698413931, 40.116331259694881 ], [ 9.685218753434514, 40.112719927671222 ], [ 9.685122444920268, 40.112477244086662 ], [ 9.685059799804295, 40.112081197702778 ], [ 9.685032605250784, 40.11185612241951 ], [ 9.685008526192965, 40.111649048631094 ], [ 9.685948998396537, 40.110801097814708 ], [ 9.688395040710974, 40.108863068795102 ], [ 9.689570960087257, 40.10795512681419 ], [ 9.700634925079207, 40.10217673330132 ], [ 9.703065653198145, 40.101243039459426 ], [ 9.703427119096798, 40.101168767647479 ], [ 9.70474111705933, 40.101025638022577 ], [ 9.705081237795198, 40.101014558521243 ], [ 9.705197316999669, 40.101036375654253 ], [ 9.705333974192902, 40.101062573024485 ], [ 9.706160065989298, 40.100962940333062 ], [ 9.707230487466441, 40.100807752966205 ], [ 9.708291916146162, 40.100634591652195 ], [ 9.72863797990804, 40.090976377307207 ], [ 9.728917956483787, 40.090830464115875 ], [ 9.733263073740542, 40.086910948125073 ], [ 9.733738254411001, 40.086376381668948 ], [ 9.733814361431563, 40.086227242135934 ], [ 9.733876098404986, 40.086105223116327 ], [ 9.735559599217417, 40.079049137057929 ], [ 9.735615617737164, 40.078805524355452 ], [ 9.73568355700086, 40.07748970996434 ], [ 9.735621235988551, 40.077147745399671 ], [ 9.73554660553439, 40.076751800712451 ], [ 9.735460833790992, 40.076409984915166 ], [ 9.735415014115558, 40.076239096960975 ], [ 9.735350929073716, 40.076005257139904 ], [ 9.734299880946448, 40.074237054092436 ], [ 9.734113104049994, 40.074044534155377 ], [ 9.734003422938382, 40.073932610575852 ], [ 9.733846689919737, 40.073807470624885 ], [ 9.733766859550178, 40.073744911192009 ], [ 9.732635205563062, 40.073202495014158 ], [ 9.729600990091081, 40.072401779883634 ], [ 9.729530248518925, 40.072366188948969 ], [ 9.727516808521539, 40.070504874977743 ], [ 9.727480575440451, 40.070405998180988 ], [ 9.726452373985257, 40.063033668607943 ], [ 9.72657455267422, 40.062393228591588 ], [ 9.72541984627374, 40.0597922114017 ], [ 9.720532567412034, 40.048997769434266 ], [ 9.717205771725244, 40.046729988248977 ], [ 9.716179682369766, 40.04599755471601 ], [ 9.716060052503671, 40.045908198933923 ], [ 9.710250089218622, 40.039565203777641 ], [ 9.705737815626394, 40.033934775257428 ], [ 9.705487888679025, 40.033566904151165 ], [ 9.705306893091592, 40.033063472038705 ], [ 9.699926264118467, 40.018068128263273 ], [ 9.699826728467343, 40.017501125501909 ], [ 9.699738542451488, 40.016898017230965 ], [ 9.699712990659899, 40.016690951163774 ], [ 9.699892457153364, 40.015906031508393 ], [ 9.699984128852812, 40.01584691682249 ], [ 9.700449441889136, 40.015515255317212 ], [ 9.701009165085599, 40.015106437848303 ], [ 9.701194235958907, 40.014871068779541 ], [ 9.701693622599805, 40.01214714931799 ], [ 9.701688453487634, 40.010498426029173 ], [ 9.699982059420144, 40.000733324507472 ], [ 9.693746100898286, 39.992855868814125 ], [ 9.692659480280835, 39.992548157397728 ], [ 9.69152678432134, 39.992026732108123 ], [ 9.691374562388084, 39.991886864585936 ], [ 9.688396529017245, 39.986648596624583 ], [ 9.687987205980452, 39.985542842583378 ], [ 9.686925480986474, 39.984783320668264 ], [ 9.686890077587213, 39.984756501346347 ], [ 9.686638269734642, 39.984172365612366 ], [ 9.685077453361959, 39.960405108264482 ], [ 9.685056934969776, 39.959522281113742 ], [ 9.685068120281047, 39.958296896742006 ], [ 9.685076770747274, 39.957990516688945 ], [ 9.685256547981773, 39.956061381739985 ], [ 9.685299326181367, 39.955655694285781 ], [ 9.685970857438075, 39.951390138176528 ], [ 9.686060093720474, 39.950948136170481 ], [ 9.686183276099325, 39.950388806195058 ], [ 9.686848416966612, 39.948420752615718 ], [ 9.687096475885205, 39.948058894663454 ], [ 9.689082520711128, 39.944891460898155 ], [ 9.689311637873541, 39.944539846628807 ], [ 9.689797130499983, 39.943928802890852 ], [ 9.690697765516482, 39.942988683817248 ], [ 9.694318152473436, 39.939426244953772 ], [ 9.699738146822485, 39.935912532586876 ], [ 9.704989340660207, 39.936532798452376 ], [ 9.705433713944158, 39.936638211982974 ], [ 9.705562822912142, 39.93667346366724 ], [ 9.70571542912268, 39.936717584666489 ], [ 9.70767162511931, 39.938436649211823 ], [ 9.707862596793518, 39.938795872637101 ], [ 9.707524707827124, 39.939939915127184 ], [ 9.70790769349872, 39.940900487793961 ], [ 9.712801982110694, 39.938948056017288 ], [ 9.713434928452035, 39.937908046882782 ], [ 9.715689186102594, 39.932965843231266 ], [ 9.716084477407634, 39.930467712165417 ], [ 9.716081848774829, 39.930215455291503 ], [ 9.715830098911752, 39.928376775117592 ], [ 9.713190239126295, 39.921804684557749 ], [ 9.709255169337515, 39.923747894744338 ], [ 9.709111576108008, 39.923865899490529 ], [ 9.708810806145465, 39.924061447393022 ], [ 9.708363910821109, 39.924271402026243 ], [ 9.708062255258007, 39.924381360313589 ], [ 9.707792032945953, 39.924419050259473 ], [ 9.705690954435171, 39.924648089453711 ], [ 9.705467980789303, 39.924586379527121 ], [ 9.704397038179504, 39.924137899293584 ], [ 9.695449346322166, 39.920369533495702 ], [ 9.69338478289783, 39.919280457613425 ], [ 9.692830140111539, 39.918815265514112 ], [ 9.691873619978031, 39.917947033158505 ], [ 9.690871445708405, 39.916899995566887 ], [ 9.690143542197307, 39.91607205477181 ], [ 9.686959163951888, 39.91208387850034 ], [ 9.686354231534573, 39.911258562194924 ], [ 9.684571480630444, 39.908467066487823 ], [ 9.683180800541194, 39.905530202245565 ], [ 9.681986684422073, 39.900283411496325 ], [ 9.681855370782454, 39.899427129406604 ], [ 9.680975141908645, 39.890270480723395 ], [ 9.680952280947592, 39.889880941217619 ], [ 9.680788513029809, 39.885888311385933 ], [ 9.682253985890624, 39.871348011294351 ], [ 9.682576913349013, 39.870011530503596 ], [ 9.683303584369787, 39.867975537511391 ], [ 9.684501526713216, 39.866157500731241 ], [ 9.690164316511536, 39.861871306327828 ], [ 9.6932415760069, 39.858627436180186 ], [ 9.696215922915366, 39.854483117415704 ], [ 9.696617311853789, 39.85371487158222 ], [ 9.69666009712062, 39.853611001563493 ], [ 9.696731380301872, 39.853434880175698 ], [ 9.696368256976987, 39.851337769041983 ], [ 9.696199343501139, 39.850527896898669 ], [ 9.694138205916104, 39.848990555622748 ], [ 9.693398115908765, 39.848625576942311 ], [ 9.693069209412563, 39.848465366638401 ], [ 9.692729614415198, 39.8484043265399 ], [ 9.69242680281762, 39.848514252567256 ], [ 9.691150884074567, 39.848188497204312 ], [ 9.685396544704847, 39.842122967696916 ], [ 9.684613370424646, 39.840938289118959 ], [ 9.684482665318029, 39.840722824666358 ], [ 9.682877596654118, 39.836794971576658 ], [ 9.676992211988885, 39.820629695067808 ], [ 9.67687166263338, 39.820251984242894 ], [ 9.674727089634258, 39.812434870201621 ], [ 9.674216274962545, 39.810374569631776 ], [ 9.673885114584666, 39.80876371763982 ], [ 9.673889936060567, 39.808060915998219 ], [ 9.673343162126207, 39.80470339060453 ], [ 9.671645889770046, 39.795946566701872 ], [ 9.671572221671061, 39.795577587245738 ], [ 9.671248730473502, 39.79474153441388 ], [ 9.671195532385321, 39.794075106779019 ], [ 9.670856073040714, 39.790392003880307 ], [ 9.670541891185174, 39.788105293095008 ], [ 9.670063278875352, 39.785720419784518 ], [ 9.669837643005616, 39.785334295839831 ], [ 9.669470718567334, 39.78362452172248 ], [ 9.668434889914904, 39.776746882352967 ], [ 9.668274384466899, 39.773432138690474 ], [ 9.668105013125743, 39.76919842431338 ], [ 9.668135509560853, 39.768729729745509 ], [ 9.668227605197936, 39.76738671265376 ], [ 9.668259752835832, 39.76708919941801 ], [ 9.668338689656098, 39.766800424087485 ], [ 9.668404559109062, 39.766669964818888 ], [ 9.670180889698781, 39.76533919522484 ], [ 9.671027870798524, 39.764793702652526 ], [ 9.67152010411194, 39.763786242582924 ], [ 9.671667271748513, 39.763312366608645 ], [ 9.671791045560971, 39.762834120791709 ], [ 9.673267697683901, 39.755022911273585 ], [ 9.673155541518195, 39.754293752367246 ], [ 9.673108379716734, 39.754095804302189 ], [ 9.673070412237342, 39.753942855957398 ], [ 9.672566483794691, 39.753738547146021 ], [ 9.671924324735423, 39.753724246128634 ], [ 9.671406450924518, 39.753736252930061 ], [ 9.673100638373072, 39.753600300649758 ], [ 9.673544507140063, 39.753480595785867 ], [ 9.674065723121664, 39.753063108584932 ], [ 9.674250547536502, 39.752863816216298 ], [ 9.674692933634297, 39.751545785657541 ], [ 9.674601033300037, 39.7505011591347 ], [ 9.674433497906337, 39.750078662684487 ], [ 9.67403103932997, 39.749504359928025 ], [ 9.673628145249232, 39.748885008734483 ], [ 9.673732407092491, 39.736819991530879 ], [ 9.675296176658088, 39.726052923946867 ], [ 9.673601316856344, 39.720954075639291 ], [ 9.673586318989081, 39.720611780707671 ], [ 9.673604544663583, 39.720386423692744 ], [ 9.67363842729516, 39.719971765028603 ], [ 9.673762464865751, 39.719529552782909 ], [ 9.673958168230484, 39.719258114941105 ], [ 9.674154395249216, 39.719040734469822 ], [ 9.674432637138215, 39.718858915952687 ], [ 9.675953198801382, 39.710885182156645 ], [ 9.668662696233524, 39.701133447973618 ], [ 9.667144975165042, 39.701142177398005 ], [ 9.664073228054281, 39.700718293927942 ], [ 9.663839355624463, 39.700656559270087 ], [ 9.661555081624057, 39.69963343824508 ], [ 9.660564284332532, 39.698476776547075 ], [ 9.660505022380059, 39.698378003698693 ], [ 9.659982836891055, 39.697434914020697 ], [ 9.659447457203408, 39.696329714676594 ], [ 9.659101275690661, 39.694268368304186 ], [ 9.659132233301987, 39.693844718268686 ], [ 9.659419595758958, 39.692176218801151 ], [ 9.663033685063578, 39.684415958808913 ], [ 9.664203245996536, 39.682643293659005 ], [ 9.664119206809048, 39.682391490946436 ], [ 9.659275754466115, 39.672147551128617 ], [ 9.651956035617287, 39.664953732724655 ], [ 9.65146091944356, 39.664370853308654 ], [ 9.651213155383005, 39.664056887940916 ], [ 9.649750314958197, 39.660970093973219 ], [ 9.64836078287655, 39.656981857493008 ], [ 9.648288235958699, 39.656702948050508 ], [ 9.647192466538275, 39.651699408007367 ], [ 9.647163527112168, 39.651095889623171 ], [ 9.647161258884218, 39.650852627621809 ], [ 9.647590755612876, 39.644416970313436 ], [ 9.651577187060582, 39.634073513061267 ], [ 9.650975421199782, 39.630324139920013 ], [ 9.652917917797, 39.625929776083687 ], [ 9.653445292839532, 39.621764095644785 ], [ 9.6525907181479, 39.62133190427565 ], [ 9.65476171987396, 39.611241761879292 ], [ 9.65472870399862, 39.60773696838001 ], [ 9.656693117263311, 39.605752642274979 ], [ 9.657757435261102, 39.598515905549867 ], [ 9.657159467768091, 39.595014304127687 ], [ 9.656172947757165, 39.580562917183755 ], [ 9.655511816380637, 39.570484146229553 ], [ 9.652908269423122, 39.564583545375314 ], [ 9.649759660086231, 39.560879939361008 ], [ 9.650801555602962, 39.551233076251336 ], [ 9.651360579107426, 39.549247675578236 ], [ 9.644176829302738, 39.546758065375919 ], [ 9.643142533771291, 39.546134195042711 ], [ 9.642456779517081, 39.545600747782821 ], [ 9.641852841801771, 39.544946330475717 ], [ 9.641333627612312, 39.544328610391901 ], [ 9.640897131297056, 39.543687905809868 ], [ 9.639912081314499, 39.541923928905923 ], [ 9.6396432247217, 39.541318336967016 ], [ 9.639360833439143, 39.540505580237223 ], [ 9.639066120202129, 39.539617430038867 ], [ 9.633602404056958, 39.518486518929642 ], [ 9.632709385107395, 39.514944673337411 ], [ 9.632451852318379, 39.512843275283366 ], [ 9.631485156979521, 39.503717626263345 ], [ 9.631457088422797, 39.503347227631345 ], [ 9.631451553874486, 39.502735676475204 ], [ 9.631469233468176, 39.501958433541404 ], [ 9.63148612500351, 39.501254404883078 ], [ 9.63259276654699, 39.496793868674771 ], [ 9.634562781531189, 39.495375258458949 ], [ 9.636940229783447, 39.494009570874582 ], [ 9.637748664058599, 39.493552366180957 ], [ 9.640013322163352, 39.493057865076835 ], [ 9.642907936306688, 39.493412448029744 ], [ 9.643289041957384, 39.493280815327516 ], [ 9.643501266769798, 39.49296427678135 ], [ 9.644719631516598, 39.490309591146627 ], [ 9.644942434423459, 39.488622281590636 ], [ 9.644104892578929, 39.48591366355776 ], [ 9.643642363402719, 39.48493408906824 ], [ 9.643426749560755, 39.484880093105978 ], [ 9.642996369902518, 39.484864453764104 ], [ 9.642278971660373, 39.48477493389084 ], [ 9.642061824176359, 39.484554251494863 ], [ 9.64177209490995, 39.484185298820258 ], [ 9.641330402528636, 39.482937539197771 ], [ 9.641256123311969, 39.482604563106243 ], [ 9.642033660018669, 39.47627495029257 ], [ 9.642579319747934, 39.473345796376833 ], [ 9.643003148363674, 39.472657533668063 ], [ 9.64328974762906, 39.472217815927557 ], [ 9.644508576700746, 39.468548321730736 ], [ 9.645342819494575, 39.464944020408637 ], [ 9.645950777207764, 39.461390526136881 ], [ 9.641443199914665, 39.452963659569782 ], [ 9.640066369250766, 39.442065184018901 ], [ 9.638816749487249, 39.439002856695843 ], [ 9.636547732656357, 39.436593725841405 ], [ 9.636344587331857, 39.436456299869903 ], [ 9.635689012981878, 39.436561254433286 ], [ 9.635475233057905, 39.436691948666024 ], [ 9.635212937602113, 39.436758707145401 ], [ 9.634652216969513, 39.43675275741581 ], [ 9.634484760927975, 39.4367063663938 ], [ 9.634400191485399, 39.436670785394398 ], [ 9.634087769247262, 39.43649565830664 ], [ 9.633500121239255, 39.436082124090809 ], [ 9.632100667611738, 39.434556826270651 ], [ 9.631534280234538, 39.433921283618439 ], [ 9.631171532559524, 39.433478358906633 ], [ 9.628829594502127, 39.429208799460632 ], [ 9.623994964729492, 39.419788430967984 ], [ 9.620633921465748, 39.41315100546278 ], [ 9.620773755889395, 39.412709869261967 ], [ 9.614275084168721, 39.399857024266097 ], [ 9.613436515263208, 39.398426516586269 ], [ 9.612325547695542, 39.396552539595852 ], [ 9.607998794664752, 39.388434176351595 ], [ 9.60789084690281, 39.388204970478945 ], [ 9.606949715418953, 39.385961742694455 ], [ 9.603644456010153, 39.376995375284196 ], [ 9.603178542304859, 39.375639443804069 ], [ 9.603048821782906, 39.375236891084732 ], [ 9.600971340616406, 39.368713821110347 ], [ 9.600936431821228, 39.368534915774518 ], [ 9.5981120666611, 39.352649088594418 ], [ 9.597408845328669, 39.347244061539499 ], [ 9.597419393954898, 39.345757249866516 ], [ 9.598994590454746, 39.330951394481161 ], [ 9.599060580502423, 39.330696503996862 ], [ 9.599177451256589, 39.330285916178802 ], [ 9.600030371265872, 39.327418380518232 ], [ 9.600468582374885, 39.32625937452962 ], [ 9.600548239232236, 39.326077623988908 ], [ 9.60087548864249, 39.325341565073522 ], [ 9.602058660975729, 39.322952125603024 ], [ 9.602670448807295, 39.321749412518102 ], [ 9.604892959986067, 39.317984932400968 ], [ 9.605085452387854, 39.317774433536428 ], [ 9.606270603199375, 39.316653194065431 ], [ 9.612580308159677, 39.31174537540943 ], [ 9.612813638958519, 39.311567312789087 ], [ 9.613333617011584, 39.311339306942394 ], [ 9.613543439344403, 39.311292021092605 ], [ 9.613711571223286, 39.311285503126669 ], [ 9.613846455009215, 39.311290423702175 ], [ 9.615994088418207, 39.311658655534487 ], [ 9.617527337419059, 39.311902831228686 ], [ 9.617914904133251, 39.311952586623043 ], [ 9.618301557082388, 39.311898721737471 ], [ 9.619307879931808, 39.31157912470902 ], [ 9.62844908642729, 39.306341099151503 ], [ 9.630718216989388, 39.304263124814419 ], [ 9.632311923826736, 39.301893675000528 ], [ 9.633926781229725, 39.298987950464529 ], [ 9.633241172766425, 39.295778236153176 ], [ 9.633012068674175, 39.295609405185438 ], [ 9.632379293650272, 39.295363922614726 ], [ 9.626675955561298, 39.296258664159609 ], [ 9.625240815114273, 39.296579502356522 ], [ 9.624301292939247, 39.296885277382202 ], [ 9.623622479905601, 39.297167120784458 ], [ 9.623463669641684, 39.297240057645155 ], [ 9.623228380949817, 39.297352825008247 ], [ 9.622593353372119, 39.297832663575903 ], [ 9.62263602935325, 39.297904521665693 ], [ 9.622729379320146, 39.297969349714045 ], [ 9.622714421927956, 39.298080937324876 ], [ 9.622672961891015, 39.298146485486775 ], [ 9.622521747771568, 39.298258803532484 ], [ 9.621842353931445, 39.298477565032584 ], [ 9.621371365608582, 39.298493595887074 ], [ 9.613076428233388, 39.297317746258194 ], [ 9.612781659523717, 39.297260727928787 ], [ 9.612511308011086, 39.297177675265921 ], [ 9.606942583499107, 39.29423442732989 ], [ 9.606858065416665, 39.294183055794598 ], [ 9.604015572052893, 39.292167044538694 ], [ 9.603287196559227, 39.291576112330361 ], [ 9.602617166598677, 39.291026548485 ], [ 9.602363008825467, 39.290799216254946 ], [ 9.600463608034502, 39.289033913460294 ], [ 9.600302724079844, 39.288864664917632 ], [ 9.600108110928238, 39.288649410491729 ], [ 9.596227584586986, 39.284330675029366 ], [ 9.591827482328469, 39.279177573556431 ], [ 9.59119077343605, 39.278429536456443 ], [ 9.589856521028006, 39.276759175633394 ], [ 9.589176598191317, 39.275863795399012 ], [ 9.58829998835162, 39.274667543689766 ], [ 9.587722000123621, 39.273826829082232 ], [ 9.587278758291509, 39.273155509730799 ], [ 9.58506386138504, 39.269767347048941 ], [ 9.581810000417468, 39.264594570934662 ], [ 9.58154518110282, 39.264109311190481 ], [ 9.576056477813536, 39.254000579774683 ], [ 9.57486982488121, 39.251676025003555 ], [ 9.572081789343237, 39.245339387213157 ], [ 9.571905713357337, 39.244884079419286 ], [ 9.571662523223265, 39.244190314024898 ], [ 9.570770532505989, 39.241367545259813 ], [ 9.570181577720399, 39.239291183167566 ], [ 9.570165689884021, 39.239117802092238 ], [ 9.570234023123771, 39.23843377207222 ], [ 9.569456694447, 39.231503741170059 ], [ 9.568539916095521, 39.228449040568904 ], [ 9.568028240119913, 39.225517381805631 ], [ 9.567958387585607, 39.224756306106521 ], [ 9.567543124797318, 39.215808300718614 ], [ 9.567761183405469, 39.214837444521443 ], [ 9.565463341627805, 39.207797617695292 ], [ 9.56477429497153, 39.20654394293819 ], [ 9.564644055046102, 39.20618977175841 ], [ 9.563331199289276, 39.201326873405186 ], [ 9.562879155098013, 39.198014178682342 ], [ 9.56273950872513, 39.196477370318377 ], [ 9.562758962905354, 39.194742679904238 ], [ 9.563358167851577, 39.191472207547186 ], [ 9.56389918748088, 39.190164136534541 ], [ 9.564442554805842, 39.188970940428135 ], [ 9.569891136798326, 39.186538506449217 ], [ 9.570367611906468, 39.186396505753898 ], [ 9.57117440905991, 39.186474777822376 ], [ 9.573723708720847, 39.186541098179859 ], [ 9.574796270301379, 39.186551581187864 ], [ 9.57551668053978, 39.186329510693859 ], [ 9.576454294889173, 39.185589361104704 ], [ 9.577857135435503, 39.18439973055748 ], [ 9.578076049946626, 39.183915435470496 ], [ 9.578200831017273, 39.183600560251591 ], [ 9.578522167922259, 39.182722654680369 ], [ 9.57911183892667, 39.178214270620458 ], [ 9.578899261870296, 39.175586392472454 ], [ 9.57603469417546, 39.173191293792073 ], [ 9.573770308470515, 39.1726899694781 ], [ 9.570014078170759, 39.170220262457107 ], [ 9.566235762401066, 39.155759228066351 ], [ 9.566402501223124, 39.155444161000311 ], [ 9.567536541401809, 39.153802029719408 ], [ 9.568411857498464, 39.153272875075942 ], [ 9.567927783643448, 39.15280216047811 ], [ 9.567783095914322, 39.152619266628498 ], [ 9.567084423331265, 39.151544732761018 ], [ 9.565380075562203, 39.146453935470298 ], [ 9.563979589469449, 39.142252597538615 ], [ 9.56400730383386, 39.142100403811199 ], [ 9.564023832828621, 39.141815351249249 ], [ 9.563962976617493, 39.141620783618407 ], [ 9.560385920601327, 39.137233920958579 ], [ 9.557225393099301, 39.134443278230677 ], [ 9.548959735298938, 39.132366045767725 ], [ 9.54350929464618, 39.132229389439885 ], [ 9.539208095243538, 39.133066550952329 ], [ 9.539145275554006, 39.133078669466258 ], [ 9.538933883031703, 39.133046981029189 ], [ 9.53878450461813, 39.132992478803111 ], [ 9.538216960455429, 39.132721392263662 ], [ 9.531312527672929, 39.128473970416266 ], [ 9.53088191137482, 39.128133514113074 ], [ 9.529159350497046, 39.126753651868228 ], [ 9.525756555996603, 39.123434974849907 ], [ 9.522898214280046, 39.120176832588278 ], [ 9.522443089981367, 39.119638212069354 ], [ 9.520949181967124, 39.117644451425996 ], [ 9.520550028471307, 39.11704474815604 ], [ 9.520342405445039, 39.116731415696208 ], [ 9.520030826595809, 39.116241705585601 ], [ 9.519883015855552, 39.116000193329562 ], [ 9.519414588634771, 39.115218321857427 ], [ 9.519320865216507, 39.115056540468899 ], [ 9.519096867358202, 39.11448083292246 ], [ 9.518812530825301, 39.113562973247689 ], [ 9.518764282875541, 39.113292857504973 ], [ 9.518299727862324, 39.105139934290023 ], [ 9.518321934190556, 39.105013680811787 ], [ 9.518559781045498, 39.104327783512673 ], [ 9.520837518462171, 39.101100686023379 ], [ 9.522439087254496, 39.098926362799844 ], [ 9.523812937813357, 39.095293248867591 ], [ 9.523856858222572, 39.094977665529633 ], [ 9.523835955503909, 39.094887647221675 ], [ 9.523785211061131, 39.094671609822235 ], [ 9.523415785726129, 39.094754369039904 ], [ 9.523227035532759, 39.094836315524255 ], [ 9.523081514603469, 39.094900045503174 ], [ 9.516110788560166, 39.098373335753479 ], [ 9.514901100688064, 39.099000446898742 ], [ 9.503144438036202, 39.107945685694013 ], [ 9.503136142329868, 39.109829027772776 ], [ 9.504443142591148, 39.109832390855182 ], [ 9.50453579710914, 39.109850012134174 ], [ 9.504640209208684, 39.109894616690731 ], [ 9.504815112034807, 39.110092101279925 ], [ 9.505048616309585, 39.110397465107724 ], [ 9.505282314486809, 39.11072986094684 ], [ 9.505918012876409, 39.116732958215934 ], [ 9.505722687209005, 39.118333263848108 ], [ 9.50560899909679, 39.118813593625916 ], [ 9.50505744054931, 39.119735109584184 ], [ 9.505247987463278, 39.119487606823455 ], [ 9.505874192334064, 39.118693046928996 ], [ 9.506032009392161, 39.11852002646706 ], [ 9.506120778808111, 39.118195244152204 ], [ 9.505966973686229, 39.117716074239461 ], [ 9.5059410987989, 39.117534839905751 ], [ 9.506046751940184, 39.117144653819118 ], [ 9.506817671564249, 39.116775232272907 ], [ 9.507325074501178, 39.116759508547794 ], [ 9.507500725244531, 39.116856738845804 ], [ 9.508806203288, 39.117836629418704 ], [ 9.5091246780782, 39.118088673465408 ], [ 9.509386013941477, 39.118437835645281 ], [ 9.509640586159723, 39.121459921977518 ], [ 9.509358699857678, 39.124282729227374 ], [ 9.509291950696552, 39.124652472902952 ], [ 9.509143897901733, 39.124977516211793 ], [ 9.508938783259927, 39.125410940640755 ], [ 9.507966476709148, 39.126947054175126 ], [ 9.507805745564113, 39.127118963347918 ], [ 9.507096616653454, 39.127851943051695 ], [ 9.505310999944216, 39.129319481528292 ], [ 9.504701317223903, 39.129808716980314 ], [ 9.503965070815333, 39.130397618407457 ], [ 9.502999634630214, 39.131094510093824 ], [ 9.502898868366994, 39.131160274329559 ], [ 9.502717204218355, 39.131238778544372 ], [ 9.502533949387001, 39.131297013497203 ], [ 9.487893592747129, 39.135223812030254 ], [ 9.487330503186049, 39.135363583909275 ], [ 9.487154354042769, 39.135407122878107 ], [ 9.486195407334881, 39.135609368757585 ], [ 9.485397569129779, 39.135684782624466 ], [ 9.484911811311623, 39.135713836828316 ], [ 9.48441399013365, 39.135670852300159 ], [ 9.472683563353247, 39.132502082074126 ], [ 9.454411465981899, 39.130195839283132 ], [ 9.452512270532866, 39.129914876045461 ], [ 9.45055311828188, 39.129300702909873 ], [ 9.450205242276104, 39.129175894322863 ], [ 9.44940319810757, 39.128584260235797 ], [ 9.449298446830253, 39.128485542832188 ], [ 9.447621225339448, 39.126707811587821 ], [ 9.446706255107733, 39.125629997871741 ], [ 9.446434054560934, 39.125576974927291 ], [ 9.44494200508443, 39.125627734261457 ], [ 9.444548958870316, 39.125674289389949 ], [ 9.443890064096092, 39.125757899368303 ], [ 9.44284043136026, 39.126257498877614 ], [ 9.442587107956584, 39.126447692400177 ], [ 9.442289365592934, 39.126935418592858 ], [ 9.439369535188684, 39.122495009590217 ], [ 9.438996116464285, 39.121973775481649 ], [ 9.438917947494838, 39.121960554061943 ], [ 9.438660311716124, 39.121920973820949 ], [ 9.438452202036753, 39.121939778982004 ], [ 9.437654461546709, 39.122014864745879 ], [ 9.437504468850651, 39.122078505577363 ], [ 9.437319885552379, 39.12216029731465 ], [ 9.434411240900573, 39.125108772931029 ], [ 9.434020513984729, 39.125533746030065 ], [ 9.433930066261654, 39.125876502205664 ], [ 9.433543506117324, 39.128869602750733 ], [ 9.433580369394457, 39.129220895997427 ], [ 9.433889182974992, 39.130526346008423 ], [ 9.433908425607312, 39.13059836319357 ], [ 9.413765172558506, 39.139637577355863 ], [ 9.407888332093696, 39.143866436424773 ], [ 9.407611135188853, 39.14395751613911 ], [ 9.407068207093758, 39.144121612272414 ], [ 9.406143827205753, 39.144359123509766 ], [ 9.405508061365232, 39.14447848040848 ], [ 9.404953191141518, 39.144579530630246 ], [ 9.403889371352122, 39.144718387325405 ], [ 9.40349671246055, 39.144602604106765 ], [ 9.402801435068648, 39.142910937860549 ], [ 9.401386661977325, 39.141102351703204 ], [ 9.40127784444822, 39.141043029699517 ], [ 9.400998072507088, 39.140934733952733 ], [ 9.400896755819831, 39.140922691322345 ], [ 9.400572008953594, 39.141045456702756 ], [ 9.39358298413616, 39.143909990118026 ], [ 9.392405987166322, 39.144508686157906 ], [ 9.392267564963872, 39.144587998244006 ], [ 9.392189963018119, 39.144679495775158 ], [ 9.392045173221494, 39.145175589196967 ], [ 9.391952511725986, 39.14802901275872 ], [ 9.392050332082539, 39.148973713057309 ], [ 9.392145531299875, 39.149185153234619 ], [ 9.393414671762274, 39.151351401297475 ], [ 9.394567024999617, 39.153574349265135 ], [ 9.394637577968448, 39.153773480425762 ], [ 9.394837488459794, 39.154598434916338 ], [ 9.394838130535808, 39.154713323029497 ], [ 9.39476082302186, 39.15485888757047 ], [ 9.394644719008021, 39.155051890669704 ], [ 9.394406260971904, 39.155355692519919 ], [ 9.393461220985184, 39.156333200936068 ], [ 9.392154418298992, 39.157301782874171 ], [ 9.392059184135082, 39.157347157738442 ], [ 9.391888719773833, 39.157392786420814 ], [ 9.391674906630191, 39.157447572519182 ], [ 9.391018943285349, 39.157602960715302 ], [ 9.385227929346303, 39.160051838179996 ], [ 9.384595027324938, 39.163121043734755 ], [ 9.379811229592869, 39.166532748666462 ], [ 9.37167259745287, 39.173202337145142 ], [ 9.371551727264452, 39.173332254640066 ], [ 9.371348711623009, 39.173526638442176 ], [ 9.37122773368513, 39.173636281978901 ], [ 9.371056260644007, 39.173775371196797 ], [ 9.370871642481642, 39.173890848894359 ], [ 9.36991666793938, 39.174462702288061 ], [ 9.369522842088593, 39.174698237265375 ], [ 9.368866293045352, 39.175058503850487 ], [ 9.364306342345106, 39.177001197783859 ], [ 9.363936442725496, 39.177111611670455 ], [ 9.363286092906197, 39.177280343573187 ], [ 9.361218766930604, 39.177692264735072 ], [ 9.356913074085801, 39.1784759704652 ], [ 9.354331466932287, 39.177931927176232 ], [ 9.354214949294329, 39.177783600960538 ], [ 9.354139245113169, 39.177693721495828 ], [ 9.353932602762526, 39.177465695814689 ], [ 9.353868834496629, 39.177446741009369 ], [ 9.353396565377681, 39.177347927245393 ], [ 9.352693606338768, 39.177419891746098 ], [ 9.350795180438917, 39.178051885577233 ], [ 9.350005263805699, 39.17839217244962 ], [ 9.346440199896877, 39.18061614620985 ], [ 9.346274401193732, 39.180745045502839 ], [ 9.345830587449822, 39.181139466701069 ], [ 9.341538040327226, 39.186214037714038 ], [ 9.341373232990664, 39.18655243181302 ], [ 9.341086436939111, 39.187704422369222 ], [ 9.341054948372031, 39.188077343348731 ], [ 9.341044139295061, 39.188236192642528 ], [ 9.341077063748788, 39.188460243906441 ], [ 9.341097344264623, 39.18876317779759 ], [ 9.341040386419605, 39.188957080810809 ], [ 9.339029520094096, 39.193084334331935 ], [ 9.338921967229842, 39.193294151782894 ], [ 9.338814240639348, 39.193467926433257 ], [ 9.338719329974815, 39.193597734975555 ], [ 9.323387714502054, 39.200907501767766 ], [ 9.323427668354807, 39.201096620405316 ], [ 9.323225152340006, 39.203025524284271 ], [ 9.323149018865641, 39.203155268795037 ], [ 9.323059650726135, 39.203239993085482 ], [ 9.322863426973324, 39.203384711437984 ], [ 9.322716233159747, 39.203487620425626 ], [ 9.321564339466844, 39.2042263221228 ], [ 9.321289889876574, 39.204361117206723 ], [ 9.320927087964307, 39.204487144042844 ], [ 9.320792662235615, 39.20453369479204 ], [ 9.320601816565826, 39.204589412571138 ], [ 9.320237472459647, 39.204695166726516 ], [ 9.319917933747522, 39.204785027446334 ], [ 9.319700937048642, 39.204820540781178 ], [ 9.318948650022284, 39.20493749220838 ], [ 9.318035761097276, 39.205076279357776 ], [ 9.317345583791539, 39.205162637806765 ], [ 9.311735826382339, 39.205861488294254 ], [ 9.310393827636961, 39.20587520882885 ], [ 9.304379685805896, 39.204819901593979 ], [ 9.299675866258605, 39.210912225284076 ], [ 9.299574302654005, 39.211543253227902 ], [ 9.299195819245924, 39.212427297029024 ], [ 9.298837817940313, 39.21268052039099 ], [ 9.298467888824055, 39.212852676886456 ], [ 9.29817591876796, 39.212971693055593 ], [ 9.298055950107468, 39.213020433290268 ], [ 9.29748500873143, 39.213251671383453 ], [ 9.29703372537902, 39.213360954019038 ], [ 9.295517439826277, 39.213626127486677 ], [ 9.294302077987542, 39.213836455386883 ], [ 9.293688508848925, 39.213919101923118 ], [ 9.29336425626467, 39.21393794091567 ], [ 9.286067336687562, 39.21407323064313 ], [ 9.281683354675188, 39.214148115874544 ], [ 9.281441553254096, 39.214148700287367 ], [ 9.28122433836632, 39.21414134022092 ], [ 9.277515527489443, 39.213963257758522 ], [ 9.253796627261616, 39.216192360913027 ], [ 9.24738013379984, 39.216435942000317 ], [ 9.243724438710712, 39.21781105665972 ], [ 9.24356827853622, 39.217875585763153 ], [ 9.243412219205073, 39.217969401106629 ], [ 9.243237409337551, 39.2180846565238 ], [ 9.243071286897191, 39.218199892649345 ], [ 9.242915395808424, 39.21834326478227 ], [ 9.242682176117764, 39.218736853126998 ], [ 9.241482174736081, 39.220543784363485 ], [ 9.237998998734131, 39.224647543661959 ], [ 9.237831434550527, 39.224771786148985 ], [ 9.237474574702768, 39.225018061949804 ], [ 9.23663912948618, 39.225488330110878 ], [ 9.236131640841986, 39.225730402177462 ], [ 9.232910026493082, 39.227204541614121 ], [ 9.232403718195458, 39.227373380742229 ], [ 9.231933519619737, 39.227513987333985 ], [ 9.231444490072317, 39.227653503069071 ], [ 9.230363663101185, 39.227951879106968 ], [ 9.229861550600376, 39.228077897580981 ], [ 9.229498223430742, 39.228130426254623 ], [ 9.229230390781709, 39.228156860219791 ], [ 9.224761887035353, 39.228361556133322 ], [ 9.224460621977759, 39.228349746932643 ], [ 9.212951518857, 39.22732721610047 ], [ 9.211170949841335, 39.227078151600594 ], [ 9.209845088476525, 39.226818106050374 ], [ 9.207430761057481, 39.226252488545846 ], [ 9.204341006006681, 39.225470620119992 ], [ 9.204039518431157, 39.225376534034581 ], [ 9.197028146433734, 39.222986066329874 ], [ 9.19213157015392, 39.221188681912295 ], [ 9.190196326044681, 39.220416916656369 ], [ 9.186340086407359, 39.218738104069317 ], [ 9.181824465642487, 39.216664436885409 ], [ 9.181025429647061, 39.216229191425619 ], [ 9.180964707624307, 39.216195390841968 ], [ 9.179104515376748, 39.215153889999101 ], [ 9.179044559693072, 39.215119623161442 ], [ 9.177884952050182, 39.214436549808191 ], [ 9.177825797010097, 39.214400517659733 ], [ 9.175242896956048, 39.212772263345137 ], [ 9.17518438542206, 39.212734915969527 ], [ 9.174732531339426, 39.212423926841893 ], [ 9.174677313102801, 39.212384100744522 ], [ 9.174248536902846, 39.212060408321577 ], [ 9.166776320646411, 39.206068004269618 ], [ 9.16620423448609, 39.205588007641197 ], [ 9.165607985270336, 39.20508708915586 ], [ 9.164831105949414, 39.204400938365467 ], [ 9.164784954077408, 39.204355578133928 ], [ 9.163411880802668, 39.20278177958815 ], [ 9.163374165520914, 39.202735818529639 ], [ 9.16303014512174, 39.202282601080803 ], [ 9.161528121564743, 39.200028599578637 ], [ 9.161032757756526, 39.199270121352704 ], [ 9.160688176045642, 39.198608299057554 ], [ 9.159973317478512, 39.196157203755781 ], [ 9.159869237405767, 39.195579524970391 ], [ 9.15976646003538, 39.194937643234141 ], [ 9.159827920681108, 39.193950870733374 ], [ 9.159864917879972, 39.193669231882524 ], [ 9.162210452863748, 39.192047423274325 ], [ 9.162404135652086, 39.191927759732756 ], [ 9.16267045646129, 39.191818633827879 ], [ 9.162702026656778, 39.191805699437033 ], [ 9.163104055864688, 39.191649700298278 ], [ 9.164058267810322, 39.191305519815337 ], [ 9.165133367281213, 39.191032982840994 ], [ 9.16533301834237, 39.190993279958754 ], [ 9.166325537031337, 39.190817284523376 ], [ 9.166895729784027, 39.190779301293652 ], [ 9.167288039368742, 39.190804645477051 ], [ 9.168924551986562, 39.188164360929555 ], [ 9.164554072067823, 39.182182882940857 ], [ 9.16443367132204, 39.182083827539529 ], [ 9.164320752989086, 39.182048048891325 ], [ 9.160909593511821, 39.181404015131442 ], [ 9.158672983960047, 39.181316004644337 ], [ 9.146008425984425, 39.183950015917489 ], [ 9.141015625974028, 39.187736205454065 ], [ 9.139080551837287, 39.189965333397168 ], [ 9.123443341387183, 39.20602446049169 ], [ 9.1229915540676, 39.206415151200083 ], [ 9.12259819055428, 39.206744510855025 ], [ 9.11546108989821, 39.211675652546901 ], [ 9.114597107301757, 39.212062808273068 ], [ 9.110009281268155, 39.214040619796087 ], [ 9.095924251467295, 39.214114972811537 ], [ 9.095079255736966, 39.213883553279054 ], [ 9.093408347164416, 39.213064965804953 ], [ 9.092627832520076, 39.212664856113662 ], [ 9.078560776976307, 39.204949688769346 ], [ 9.069044365341274, 39.198749803685892 ], [ 9.067867868399972, 39.197976735131043 ], [ 9.06123356647225, 39.193414469706639 ], [ 9.061177401896764, 39.193374123369473 ], [ 9.061051491187557, 39.193269862102817 ], [ 9.060605028291276, 39.19289219939138 ], [ 9.054109175146708, 39.187238314677636 ], [ 9.043946616121536, 39.177677472785845 ], [ 9.038295555443936, 39.172132932833364 ], [ 9.03020575171883, 39.163539569383886 ], [ 9.028095434725222, 39.160968716100633 ], [ 9.027099517357785, 39.159608301569079 ], [ 9.026038709658906, 39.158017242495461 ], [ 9.020140903437497, 39.150380417816081 ], [ 9.01923933698844, 39.149177594849526 ], [ 9.018916601721314, 39.14863135264595 ], [ 9.018204569954593, 39.147401458809838 ], [ 9.017993261854496, 39.146959949903199 ], [ 9.017603937864392, 39.146137749146028 ], [ 9.017425920974651, 39.145755933727415 ], [ 9.017404159256781, 39.145496867850028 ], [ 9.017315428006386, 39.143478403438799 ], [ 9.016325110087287, 39.139434831536242 ], [ 9.014548915369001, 39.13226112620675 ], [ 9.014493918086538, 39.13206739508427 ], [ 9.014456290085494, 39.131936738944923 ], [ 9.01430288626694, 39.131427632222788 ], [ 9.013935348713664, 39.130431952301258 ], [ 9.008920210274905, 39.121278304363663 ], [ 9.011461457638978, 39.116046012947265 ], [ 9.014131244351361, 39.112009871673401 ], [ 9.015649854534228, 39.107702364587261 ], [ 9.01616117744447, 39.105653391296542 ], [ 9.0163315691662, 39.104783794527592 ], [ 9.016288166437818, 39.104639624183953 ], [ 9.015734252599216, 39.10365410882293 ], [ 9.015365389909835, 39.102635899926767 ], [ 9.014284720332347, 39.098765757983024 ], [ 9.014284675556647, 39.098543858884213 ], [ 9.014496700431243, 39.096245994037581 ], [ 9.014515458650965, 39.096082666258816 ], [ 9.014743566302394, 39.094733218949017 ], [ 9.01625819791731, 39.087457646522033 ], [ 9.016297184814919, 39.087301073804326 ], [ 9.016353508332903, 39.087108451047136 ], [ 9.01651672535915, 39.086662376130135 ], [ 9.016612088914011, 39.086549723196882 ], [ 9.0168967752572, 39.086386355672978 ], [ 9.017097672822281, 39.086386326388286 ], [ 9.017326026624755, 39.086371649443088 ], [ 9.017498005061295, 39.086319809227746 ], [ 9.017583258925885, 39.086245454710543 ], [ 9.017717640194173, 39.086119278139435 ], [ 9.020662340204693, 39.083315199299442 ], [ 9.021901975424731, 39.08208832941807 ], [ 9.034089470170631, 39.067064913865046 ], [ 9.035269135639238, 39.065406505797881 ], [ 9.035403453780047, 39.065296078118941 ], [ 9.037434128478559, 39.063750026035351 ], [ 9.037614667587514, 39.063627190453779 ], [ 9.038299360560424, 39.063326219559343 ], [ 9.038764483650281, 39.063123314361718 ], [ 9.03920507844688, 39.062982367057074 ], [ 9.03944921220195, 39.062907943644632 ], [ 9.039613891436073, 39.062852692958863 ], [ 9.04014981250322, 39.062662148633336 ], [ 9.040401133508986, 39.062524641029725 ], [ 9.040866178936422, 39.062204581968089 ], [ 9.041085684160777, 39.062020902213582 ], [ 9.044532531963211, 39.058991876964306 ], [ 9.04479243831965, 39.058758612740924 ], [ 9.044942593412461, 39.058604238850911 ], [ 9.045068195788222, 39.058463390252143 ], [ 9.04524860727058, 39.058180594619209 ], [ 9.045515536716465, 39.057643199367291 ], [ 9.045790505496621, 39.056138220705279 ], [ 9.045751422777277, 39.056018837619924 ], [ 9.040870304474458, 39.041790828280305 ], [ 9.040530614134852, 39.041340385796218 ], [ 9.040342722611484, 39.041125308117607 ], [ 9.033569254080614, 39.033392444204495 ], [ 9.029515117060942, 39.029431976473731 ], [ 9.026120648561569, 39.023512399972297 ], [ 9.024373679681048, 39.020170731483759 ], [ 9.023820565301307, 39.011320664506236 ], [ 9.024186150438258, 39.003757878939794 ], [ 9.018297291309215, 38.996858561472855 ], [ 9.011828886071093, 38.987145221212124 ], [ 8.999208830383571, 38.986376477121468 ], [ 8.998923064217541, 38.986329165097473 ], [ 8.998048451105323, 38.986183847972363 ], [ 8.997563517008295, 38.986068944676745 ], [ 8.99732105284874, 38.98598107751684 ], [ 8.99702663415148, 38.985832384433692 ], [ 8.99680149071542, 38.985717484294945 ], [ 8.996420481993333, 38.98552147842819 ], [ 8.996204001230883, 38.985406577395942 ], [ 8.99599618145758, 38.985257882680969 ], [ 8.995788365710501, 38.985075397619411 ], [ 8.995589208948354, 38.984899668341754 ], [ 8.995320782782979, 38.984659731674775 ], [ 8.994792602224921, 38.984085240040514 ], [ 8.994654068334977, 38.983882479482361 ], [ 8.994576146909795, 38.983713512467808 ], [ 8.99446359864813, 38.983429652232253 ], [ 8.994335190751892, 38.982959930419966 ], [ 8.990119285746426, 38.974914798905345 ], [ 8.979090018545502, 38.965630548789619 ], [ 8.967291789737654, 38.956392337032973 ], [ 8.945829956081633, 38.942343522757582 ], [ 8.944865516669372, 38.941684114604342 ], [ 8.944215530094839, 38.941023722683454 ], [ 8.942307465118551, 38.939047053014981 ], [ 8.942261418731164, 38.938914112250082 ], [ 8.942160714027706, 38.938598664308849 ], [ 8.938198861192006, 38.93511486050739 ], [ 8.926742230655313, 38.929097638058252 ], [ 8.925723245298435, 38.928538289578405 ], [ 8.924907493591464, 38.928089450831393 ], [ 8.923895920816221, 38.927367882857659 ], [ 8.9231768809502, 38.926854889130034 ], [ 8.922142331830518, 38.926078097247228 ], [ 8.921393101808102, 38.925504244862026 ], [ 8.92087585334661, 38.925107394305464 ], [ 8.91634801065179, 38.921326207758405 ], [ 8.914648265202244, 38.91986287864674 ], [ 8.910635046085746, 38.91555242131821 ], [ 8.909753397777756, 38.913821552057868 ], [ 8.906908817576133, 38.909341770632942 ], [ 8.905891516802209, 38.907838300708775 ], [ 8.903880279802889, 38.905775299935577 ], [ 8.903154607915324, 38.905104474402457 ], [ 8.892328719706136, 38.89893117360424 ], [ 8.891539992401203, 38.89908251286414 ], [ 8.891348293666418, 38.899068816473985 ], [ 8.890513842664154, 38.898954267597581 ], [ 8.881564035590062, 38.896088906778552 ], [ 8.879893170744703, 38.895375295826753 ], [ 8.876881050300584, 38.893443710425309 ], [ 8.860073985548997, 38.881962214947599 ], [ 8.859645107297919, 38.881664320534092 ], [ 8.854598796065899, 38.878551445260001 ], [ 8.846407085833114, 38.876822020983639 ], [ 8.841413077158389, 38.878468950002301 ], [ 8.838861992002718, 38.880548232876819 ], [ 8.837316593542264, 38.878247040088162 ], [ 8.836866093097912, 38.878003101918495 ], [ 8.834632805919933, 38.877220469062792 ], [ 8.834285575012451, 38.877192942238999 ], [ 8.832674130681456, 38.877340460409883 ], [ 8.832535599298618, 38.877421364787637 ], [ 8.829044568411122, 38.880756179034748 ], [ 8.826749367561327, 38.884106186116973 ], [ 8.826679857630666, 38.884242379623998 ], [ 8.826591839513812, 38.884878682650118 ], [ 8.826673009797483, 38.887060700615208 ], [ 8.822031557432737, 38.893083501579291 ], [ 8.821858187589688, 38.89324544265267 ], [ 8.819740472918951, 38.894516186157468 ], [ 8.819671219159238, 38.894543111956914 ], [ 8.805982694347589, 38.899657686480396 ], [ 8.802393804175066, 38.899490587296071 ], [ 8.799811383935179, 38.897680524720684 ], [ 8.799588515177533, 38.897481889317739 ], [ 8.799334316985671, 38.897148029781711 ], [ 8.798973671095485, 38.895202066771283 ], [ 8.798923130937785, 38.894723248794058 ], [ 8.794087412683663, 38.894651739914238 ], [ 8.791662573222222, 38.895773868883794 ], [ 8.784822538734346, 38.898789304005398 ], [ 8.783661742937122, 38.898444724743726 ], [ 8.783547989738567, 38.898403961272884 ], [ 8.781217312175622, 38.902567401638699 ], [ 8.781245546354763, 38.910747564958136 ], [ 8.781703170141022, 38.911494115227441 ], [ 8.781391467317867, 38.912057871426683 ], [ 8.781307439554062, 38.91218950424237 ], [ 8.780468537334533, 38.913059783171896 ], [ 8.780217158880115, 38.913224896124532 ], [ 8.776367522356367, 38.915547031331826 ], [ 8.776087395124561, 38.915678286305877 ], [ 8.77583077921577, 38.915668782385673 ], [ 8.775536760847931, 38.915632171577343 ], [ 8.775000943975146, 38.915459923986319 ], [ 8.774826739963265, 38.915378486670861 ], [ 8.774979574958357, 38.914921451751241 ], [ 8.774944344155376, 38.914663432191482 ], [ 8.774737494370456, 38.914419727054863 ], [ 8.774443841835529, 38.914269344326058 ], [ 8.774061596444181, 38.914322673165195 ], [ 8.771201209814986, 38.914723741768292 ], [ 8.766066119481041, 38.915845622583028 ], [ 8.762022324488195, 38.916975138003885 ], [ 8.756864179235786, 38.920115117390459 ], [ 8.750668470153697, 38.92293500500498 ], [ 8.741913786275932, 38.926637677119302 ], [ 8.737903294978013, 38.928244030649076 ], [ 8.733050770436732, 38.93052868188601 ], [ 8.730788915566695, 38.931830136862359 ], [ 8.72900483594066, 38.933758945541058 ], [ 8.72742003281968, 38.935598079147113 ], [ 8.725316165982658, 38.937002298681769 ], [ 8.724458088221001, 38.937357352539763 ], [ 8.723479223839803, 38.93761636572566 ], [ 8.722607654687533, 38.937728066224508 ], [ 8.722157776114173, 38.937699961983355 ], [ 8.720667433704145, 38.937451973646425 ], [ 8.720211860799058, 38.936671400025261 ], [ 8.719860305035988, 38.931082385609201 ], [ 8.716263883035772, 38.926668265053436 ], [ 8.714643904348018, 38.925006223446367 ], [ 8.703226283756546, 38.920092462724476 ], [ 8.696301734926202, 38.91850780040901 ], [ 8.695100324017666, 38.91891919228194 ], [ 8.693385711849539, 38.918630844448813 ], [ 8.684419389913764, 38.912267440465769 ], [ 8.682818063823902, 38.910866335742405 ], [ 8.682424720801375, 38.910486787610402 ], [ 8.682363650623381, 38.910279359552817 ], [ 8.68243272618624, 38.909984424622913 ], [ 8.682398732554253, 38.90984803461545 ], [ 8.681707456165336, 38.909358411826858 ], [ 8.6802872899896, 38.909057153999427 ], [ 8.676303519544435, 38.908503240631333 ], [ 8.672630452943913, 38.908114520462576 ], [ 8.67155617078577, 38.908165573030864 ], [ 8.670130805719056, 38.909001865787594 ], [ 8.669190448765599, 38.909703219605149 ], [ 8.668703774774734, 38.910189581554924 ], [ 8.668215273697832, 38.910757039402355 ], [ 8.667831376111286, 38.911461087551956 ], [ 8.667168459018361, 38.912326545543699 ], [ 8.666345189559649, 38.912947107433986 ], [ 8.66463446586995, 38.91280703491536 ], [ 8.66411684046184, 38.912507044995962 ], [ 8.663720253301722, 38.908251401596608 ], [ 8.663840922354314, 38.907731341399597 ], [ 8.667847853950017, 38.904832128886412 ], [ 8.67028054907569, 38.899693513268396 ], [ 8.670605207742586, 38.899000552763013 ], [ 8.670764700229343, 38.898487350811337 ], [ 8.670257663812876, 38.897161244558809 ], [ 8.669745576001173, 38.896619110905597 ], [ 8.668946049959342, 38.895895934253438 ], [ 8.667394245349366, 38.894837190199532 ], [ 8.665592797318164, 38.89415618873084 ], [ 8.665119008037649, 38.894064715101514 ], [ 8.664549968050336, 38.893998875781584 ], [ 8.659185073424394, 38.894912641564872 ], [ 8.658512263593453, 38.895445728268001 ], [ 8.658265563576292, 38.896393457108694 ], [ 8.658052413359989, 38.897557559081868 ], [ 8.657324593273692, 38.898133280263274 ], [ 8.656107222674661, 38.898291907824323 ], [ 8.654272686524303, 38.897898998452483 ], [ 8.652716476597167, 38.897189239114944 ], [ 8.651779421626514, 38.896620982382025 ], [ 8.649668990313865, 38.894893488901452 ], [ 8.649233630774448, 38.893439093449544 ], [ 8.648347880978145, 38.890374801399155 ], [ 8.64828096904202, 38.889913890101603 ], [ 8.648213364579929, 38.889302037755577 ], [ 8.648254144540955, 38.886878088505306 ], [ 8.648930743328441, 38.88557346834228 ], [ 8.65267829726082, 38.88342305829412 ], [ 8.653269309870449, 38.883099276797857 ], [ 8.656623756162723, 38.870646370488991 ], [ 8.644365893979533, 38.865146493197983 ], [ 8.639932103346077, 38.864945919691564 ], [ 8.639654649133627, 38.865108397915549 ], [ 8.638211717767588, 38.866096323288133 ], [ 8.636680709444049, 38.867395976141808 ], [ 8.636592995299791, 38.867927380403621 ], [ 8.63720843243579, 38.868740322702948 ], [ 8.637976687055581, 38.869256358898724 ], [ 8.645760973837422, 38.87610189225569 ], [ 8.645136255821106, 38.876253190405272 ], [ 8.642069439699945, 38.877462628773195 ], [ 8.640671639579509, 38.880033352665649 ], [ 8.640801801589522, 38.881659188672721 ], [ 8.64096832238452, 38.882933690977822 ], [ 8.643169299887534, 38.886327606242936 ], [ 8.643994656005745, 38.887577081126899 ], [ 8.645233602087357, 38.889423686730694 ], [ 8.646403869186974, 38.890890466285022 ], [ 8.647233684131042, 38.891551935886369 ], [ 8.647716404213995, 38.891869918148259 ], [ 8.648004025791323, 38.892293195425097 ], [ 8.647676725913662, 38.892899351858027 ], [ 8.647083725707729, 38.893602704455333 ], [ 8.646387342888824, 38.894223511107086 ], [ 8.645102184386543, 38.894978823256828 ], [ 8.644087721557341, 38.895498396951353 ], [ 8.643191978523959, 38.895622949472539 ], [ 8.638805350518025, 38.895982308896407 ], [ 8.637280136185257, 38.896018133462213 ], [ 8.636396553244866, 38.896015385339027 ], [ 8.635876412724226, 38.895973211911077 ], [ 8.635565206918857, 38.895945206581267 ], [ 8.631997330450936, 38.895453032263042 ], [ 8.627362997907285, 38.893554950530799 ], [ 8.623941099330587, 38.891653837067366 ], [ 8.621677710552092, 38.890386056157176 ], [ 8.621418637125565, 38.890317629457009 ], [ 8.614052044856118, 38.890590889886276 ], [ 8.610098793374613, 38.891065498521748 ], [ 8.609614137906075, 38.891132592651168 ], [ 8.609318078123225, 38.891239739345025 ], [ 8.607546078852366, 38.892134936133672 ], [ 8.606658664128267, 38.892835967411216 ], [ 8.606264164047239, 38.901371808129944 ], [ 8.606461231486415, 38.903276129664889 ], [ 8.606970501454844, 38.905296394125088 ], [ 8.607486362407606, 38.906124925368324 ], [ 8.613054479083809, 38.911604407171573 ], [ 8.618335667067827, 38.91589656164647 ], [ 8.62277033945386, 38.932854581782486 ], [ 8.623590569093203, 38.937562276485657 ], [ 8.623168108749987, 38.939173944335238 ], [ 8.621474955943931, 38.943764243499807 ], [ 8.620639160947606, 38.945509727469414 ], [ 8.619920163352667, 38.946985246943669 ], [ 8.619025101804782, 38.948739536646215 ], [ 8.618627680999161, 38.949415212520073 ], [ 8.617944919222269, 38.950574314685532 ], [ 8.615685597611424, 38.954104962902704 ], [ 8.612564649401723, 38.957923324744691 ], [ 8.609820013545985, 38.960146730024498 ], [ 8.6090916795665, 38.960627525032102 ], [ 8.607891822747213, 38.961321874214718 ], [ 8.607298510797811, 38.961645412446835 ], [ 8.606678008195091, 38.961927178409432 ], [ 8.606138821081304, 38.962114598810963 ], [ 8.604846619850449, 38.962540520087096 ], [ 8.603633931284801, 38.96293515637656 ], [ 8.603365170443015, 38.963007459755602 ], [ 8.600891340706761, 38.962910040596405 ], [ 8.600435543568208, 38.962888204507962 ], [ 8.599655368646351, 38.962822451262198 ], [ 8.599145109210466, 38.962736219101224 ], [ 8.598420119423098, 38.96260756845686 ], [ 8.597829361487864, 38.962469239962296 ], [ 8.597400194450826, 38.962331464222103 ], [ 8.596850081636342, 38.962150464272121 ], [ 8.596406669884562, 38.961981097681956 ], [ 8.596192599071845, 38.961822658237388 ], [ 8.592618241477377, 38.958155028607607 ], [ 8.587694496089428, 38.955640482698989 ], [ 8.587421093365123, 38.955520115801939 ], [ 8.587094190698359, 38.955420962826189 ], [ 8.586798559022954, 38.955650831287301 ], [ 8.586709919331373, 38.955760905896604 ], [ 8.585395978419234, 38.958184789351236 ], [ 8.585296388879776, 38.95844013139822 ], [ 8.584840346023455, 38.959702343965098 ], [ 8.584850546746775, 38.959932168368013 ], [ 8.585098362699775, 38.960483865035108 ], [ 8.585758875934689, 38.961519132131492 ], [ 8.587065780994946, 38.96230436686723 ], [ 8.587218365225437, 38.962364605141495 ], [ 8.588254856279418, 38.962513573893062 ], [ 8.588462513255877, 38.962531202640349 ], [ 8.58860539069784, 38.962523821429677 ], [ 8.588811996133749, 38.964470988085743 ], [ 8.576711005137089, 38.980730244499895 ], [ 8.576808268345983, 38.982573399718731 ], [ 8.576817317711667, 38.982750278130375 ], [ 8.576796429388798, 38.982865095957507 ], [ 8.572484739097716, 38.99069141940641 ], [ 8.571583533632587, 38.991741304537719 ], [ 8.571403710547498, 38.991881443269563 ], [ 8.570530647673301, 38.992329921670645 ], [ 8.570237205322716, 38.992402057263412 ], [ 8.569994518604743, 38.992434955573337 ], [ 8.568393029436434, 38.99327609894867 ], [ 8.566988190087566, 38.995238722936229 ], [ 8.56636513906472, 38.99657345123331 ], [ 8.566149888605423, 38.997075026953951 ], [ 8.56500895524041, 38.999764012014495 ], [ 8.565008182799525, 38.999890164671619 ], [ 8.565063854205652, 39.000935676037578 ], [ 8.565102938857523, 39.001625180825215 ], [ 8.566117606246259, 39.00661441603237 ], [ 8.566712265074329, 39.011842003863464 ], [ 8.567675286787749, 39.012549577715276 ], [ 8.569844043155683, 39.013711030576864 ], [ 8.57142883500677, 39.014514355405254 ], [ 8.571590674189144, 39.01449242162218 ], [ 8.572316999683856, 39.01447931594457 ], [ 8.572459379521197, 39.014572202561872 ], [ 8.572672195904181, 39.014717161902709 ], [ 8.572870544419914, 39.014866572623404 ], [ 8.573893559319608, 39.015699345231852 ], [ 8.574123057148645, 39.015952498202928 ], [ 8.574634177762848, 39.016676384546891 ], [ 8.574798661616851, 39.016937183954951 ], [ 8.574868744186192, 39.017048953045084 ], [ 8.575335350014189, 39.017975425926132 ], [ 8.575551856940317, 39.018471830496054 ], [ 8.575903693148378, 39.019518409087475 ], [ 8.576386521584393, 39.021845053013081 ], [ 8.576426445129066, 39.022898383067748 ], [ 8.576398245081389, 39.023752091246813 ], [ 8.576076905338937, 39.025331260566617 ], [ 8.575449997832086, 39.029708418349479 ], [ 8.575354122090243, 39.030284785434851 ], [ 8.575139696714338, 39.03136534655399 ], [ 8.575009911682415, 39.031815432989838 ], [ 8.574927582302189, 39.032058436011901 ], [ 8.573619865549752, 39.034342502747336 ], [ 8.572919598834444, 39.035511392709921 ], [ 8.571414187236476, 39.037983943463246 ], [ 8.568989371332204, 39.041520904549976 ], [ 8.568693799134383, 39.041909543556692 ], [ 8.567811029279227, 39.042898630392685 ], [ 8.565025403021803, 39.045385492980174 ], [ 8.563976688977649, 39.045861420860476 ], [ 8.563149683063012, 39.046221025651853 ], [ 8.562615447865493, 39.046419521561575 ], [ 8.560729365068942, 39.046820187989312 ], [ 8.559839080381604, 39.04689793175308 ], [ 8.555917708895445, 39.046831254419196 ], [ 8.555106004458301, 39.04681577061865 ], [ 8.554714940028882, 39.046753451586937 ], [ 8.554360099911351, 39.046673249002971 ], [ 8.55409770600672, 39.046593399705579 ], [ 8.553646503354173, 39.046447495107394 ], [ 8.553114693613198, 39.046256222903935 ], [ 8.553116535503928, 39.046193152263314 ], [ 8.552374533807425, 39.04566315547725 ], [ 8.552138655606392, 39.04550230066468 ], [ 8.551917125481499, 39.045357272849962 ], [ 8.551554393333031, 39.045156505315227 ], [ 8.550448512314684, 39.04461045246024 ], [ 8.549824743538588, 39.044346722726146 ], [ 8.549429172224901, 39.044314784192579 ], [ 8.549141542063477, 39.04434408381411 ], [ 8.54877145944349, 39.044392214439696 ], [ 8.548541513225528, 39.044436379875727 ], [ 8.544198274458243, 39.046430102658171 ], [ 8.542865497794777, 39.047252784802431 ], [ 8.537465280869112, 39.050902409318773 ], [ 8.534700903071139, 39.053023674268886 ], [ 8.53441194606415, 39.053248926020629 ], [ 8.534088675053168, 39.054078913959025 ], [ 8.533789416671251, 39.054991220545183 ], [ 8.533762597486344, 39.055115016567271 ], [ 8.533748706973215, 39.055250128279027 ], [ 8.527168313566479, 39.059145730906828 ], [ 8.514941879996512, 39.061413628709808 ], [ 8.512097900937803, 39.062137297604075 ], [ 8.511635766414237, 39.06231783812936 ], [ 8.50591684786866, 39.06237484907566 ], [ 8.49866546133822, 39.063385811571173 ], [ 8.494922999153671, 39.062830121953986 ], [ 8.483666102470597, 39.060700384387104 ], [ 8.471762632589972, 39.057991049090418 ], [ 8.46673403754059, 39.057163922058628 ], [ 8.466110513299697, 39.057007798048261 ], [ 8.466136132494752, 39.056370461190539 ], [ 8.467404512454788, 39.051568828891327 ], [ 8.468476194722523, 39.050245703448724 ], [ 8.468459601739067, 39.049183441719187 ], [ 8.46414165458639, 39.041568426072331 ], [ 8.463677825178221, 39.040828508537416 ], [ 8.462100278877614, 39.038583102123482 ], [ 8.460842179944636, 39.037075810556921 ], [ 8.458923087809087, 39.034377098963077 ], [ 8.455434217998828, 39.029245908153953 ], [ 8.453961181569669, 39.026997497123837 ], [ 8.453460866345502, 39.026145852838539 ], [ 8.453090397592128, 39.025498693378843 ], [ 8.452821937028007, 39.024919592762323 ], [ 8.45273819389479, 39.024731093140417 ], [ 8.452677820810393, 39.024507783676562 ], [ 8.451033506339536, 39.018290237694842 ], [ 8.450206527858862, 39.010783416158219 ], [ 8.450407059242279, 38.997742916249763 ], [ 8.450579446248788, 38.99766375489336 ], [ 8.450804012081461, 38.997556677768287 ], [ 8.451220147081928, 38.997129477457207 ], [ 8.451555602617644, 38.995933691429869 ], [ 8.451574166769035, 38.995772702117797 ], [ 8.451546433394501, 38.990389501911586 ], [ 8.451509292004873, 38.989778818131498 ], [ 8.451416564432163, 38.989450599370755 ], [ 8.447256481818979, 38.983198583477694 ], [ 8.447153094405023, 38.983131636291482 ], [ 8.445971370371451, 38.982729537214141 ], [ 8.44521642298014, 38.98256600253012 ], [ 8.444933834986932, 38.982530865387503 ], [ 8.444770760986223, 38.982530089556086 ], [ 8.44458150053028, 38.982556223641772 ], [ 8.444271863220671, 38.982473648646398 ], [ 8.444126944858581, 38.982365950153458 ], [ 8.44248964406078, 38.980804829477201 ], [ 8.442253435331747, 38.980561523889911 ], [ 8.441059480648885, 38.979154564061197 ], [ 8.440779832137157, 38.978747719367583 ], [ 8.440600534226615, 38.978425835128014 ], [ 8.440538664427903, 38.978219407730613 ], [ 8.440529572426565, 38.978090953109366 ], [ 8.440541020945082, 38.977919795989493 ], [ 8.440578223632606, 38.977776919944077 ], [ 8.442956052316617, 38.972481807389137 ], [ 8.444755230110157, 38.969921051161876 ], [ 8.441756224582891, 38.96834554590955 ], [ 8.44078762307042, 38.968583085805484 ], [ 8.440631902876145, 38.968568822535218 ], [ 8.440431580837094, 38.968538575401297 ], [ 8.438768211001449, 38.967771390797814 ], [ 8.438595854754208, 38.967671438208676 ], [ 8.437995514586945, 38.967319362856763 ], [ 8.437831826352065, 38.967218324465343 ], [ 8.437523201283701, 38.967017464687345 ], [ 8.437315062277651, 38.966881291563901 ], [ 8.43709694373989, 38.966730427444134 ], [ 8.436646745604882, 38.966005103169778 ], [ 8.436538683745047, 38.965804082355248 ], [ 8.436539690885956, 38.9656768023493 ], [ 8.436612962224146, 38.965534102316177 ], [ 8.436834743756172, 38.965222032143522 ], [ 8.437076133983917, 38.964801921178356 ], [ 8.43717737971285, 38.964588392452839 ], [ 8.437206616920875, 38.964357620170723 ], [ 8.437228081928721, 38.964015296197388 ], [ 8.437210564826396, 38.963858642723565 ], [ 8.437097002260597, 38.963258845741201 ], [ 8.437070546277267, 38.963138192599018 ], [ 8.436997812424512, 38.963030833189244 ], [ 8.436862990080218, 38.962929932644393 ], [ 8.43665313949613, 38.962829796212567 ], [ 8.432460649739784, 38.960994842590232 ], [ 8.430288210811485, 38.960053845851256 ], [ 8.421452820183228, 38.960431657508586 ], [ 8.421085224032044, 38.960749733840608 ], [ 8.420828679029155, 38.960894892235778 ], [ 8.420534824858535, 38.961015085492313 ], [ 8.420251600952753, 38.961069998742374 ], [ 8.419949786926587, 38.961104544340273 ], [ 8.419685896094732, 38.961088589060971 ], [ 8.41943094648286, 38.961037760603503 ], [ 8.419148760908167, 38.960965391450515 ], [ 8.418557275034667, 38.960784475240814 ], [ 8.417047434502452, 38.960170935640633 ], [ 8.416865036848966, 38.960069774381687 ], [ 8.416302675420823, 38.959681733701295 ], [ 8.416203716367749, 38.959610273675253 ], [ 8.416122417225754, 38.95949609994566 ], [ 8.415755580125214, 38.958665230650979 ], [ 8.415197486689292, 38.956882712659613 ], [ 8.415142097787449, 38.956425113970973 ], [ 8.415179311833082, 38.956285625810004 ], [ 8.41523967774973, 38.956137244111638 ], [ 8.41525275510722, 38.955950324620865 ], [ 8.4152188944445, 38.955857789774349 ], [ 8.414910740610466, 38.955612943148495 ], [ 8.414243996472594, 38.955293076805646 ], [ 8.414089874233795, 38.955264144591567 ], [ 8.413838479343674, 38.955310189934309 ], [ 8.410130258121313, 38.956437061776512 ], [ 8.409903070155393, 38.95652039356743 ], [ 8.406797626250262, 38.95835533549873 ], [ 8.403208224256776, 38.9623121192136 ], [ 8.402579977007147, 38.966167967295483 ], [ 8.402788814773473, 38.966900071148601 ], [ 8.40295081941529, 38.967367231501065 ], [ 8.403021863438441, 38.967498258858548 ], [ 8.403164776793929, 38.96748997853787 ], [ 8.403285625662864, 38.967359932614656 ], [ 8.403417081232064, 38.967341455679609 ], [ 8.403620518011437, 38.967342495489753 ], [ 8.40377442584094, 38.967399603465779 ], [ 8.403881776739459, 38.967502654563305 ], [ 8.403950990485276, 38.967679852238639 ], [ 8.403997036711885, 38.967867071971341 ], [ 8.40406944110376, 38.969213492485508 ], [ 8.403904813968316, 38.973188855737781 ], [ 8.403756619154736, 38.97382564147258 ], [ 8.403696204402895, 38.973975145544614 ], [ 8.403300324034179, 38.974206285576315 ], [ 8.400474120932795, 38.97532834109667 ], [ 8.400186496093585, 38.975383181804439 ], [ 8.399864954681261, 38.975353368328499 ], [ 8.399258344488196, 38.975075406284219 ], [ 8.398064541108688, 38.975125573215806 ], [ 8.397860931960748, 38.975142545351474 ], [ 8.396971125260174, 38.975929812234085 ], [ 8.396266637825287, 38.977492992787106 ], [ 8.396059172862326, 38.977962756223214 ], [ 8.393696335189848, 38.983607287827255 ], [ 8.393671413818131, 38.985006146183267 ], [ 8.393688873824397, 38.985835266856981 ], [ 8.39402064786467, 38.987547992919254 ], [ 8.394326924048691, 38.989375475290281 ], [ 8.393210096093323, 38.99018631331117 ], [ 8.391433567005731, 38.991341757087973 ], [ 8.389100540472647, 38.991911911908723 ], [ 8.387103919488897, 38.99648250135489 ], [ 8.38381942467611, 39.000716224482069 ], [ 8.382677247296598, 39.002914542528245 ], [ 8.383844868821363, 39.006103909463732 ], [ 8.381857101809999, 39.008078103030073 ], [ 8.380126922160262, 39.009309084892692 ], [ 8.375374506243347, 39.012065930324241 ], [ 8.371070808768772, 39.018727949961352 ], [ 8.370984197152902, 39.01937741137197 ], [ 8.370963699186408, 39.019572166526885 ], [ 8.370979127216442, 39.019949592450665 ], [ 8.371075262669798, 39.020181021301639 ], [ 8.37212949888502, 39.021468533404928 ], [ 8.37265617177664, 39.021674117387334 ], [ 8.372932345378366, 39.021794999914576 ], [ 8.374169323248351, 39.022671217268119 ], [ 8.374185724570905, 39.022776059666633 ], [ 8.37408592933429, 39.02295800123089 ], [ 8.373986889720273, 39.023054338472306 ], [ 8.373381239125711, 39.023287630006571 ], [ 8.373180071379966, 39.023011708268825 ], [ 8.372586768336731, 39.022338315451265 ], [ 8.370830636549934, 39.021714974627123 ], [ 8.370625603690678, 39.021713868604373 ], [ 8.370446310338123, 39.021741059362327 ], [ 8.366116847935608, 39.026965471414464 ], [ 8.365926509591459, 39.027257297325463 ], [ 8.363687867861982, 39.031641408908357 ], [ 8.364244317919974, 39.03288121735924 ], [ 8.36430883246074, 39.03293394651449 ], [ 8.360421563155496, 39.037684642805694 ], [ 8.359824228096135, 39.046259934821038 ], [ 8.359832855331595, 39.0465843815157 ], [ 8.359967709239241, 39.049567791245259 ], [ 8.358146950652646, 39.059533051640251 ], [ 8.357273014363258, 39.063502120461031 ], [ 8.357217779887106, 39.063697806536588 ], [ 8.357037938005895, 39.064250995738973 ], [ 8.356524098752741, 39.065466908155891 ], [ 8.356434175166605, 39.065663528760567 ], [ 8.353861086090591, 39.070394748435618 ], [ 8.35236966757153, 39.071684066606622 ], [ 8.349878255399386, 39.076121662493556 ], [ 8.349814426976838, 39.076306031841412 ], [ 8.349783213312373, 39.076400473636205 ], [ 8.349733894611886, 39.083032324805558 ], [ 8.34988369313443, 39.083087224957005 ], [ 8.350010537076878, 39.083123977446085 ], [ 8.350114669753996, 39.083115545873724 ], [ 8.350627241157639, 39.082694883994407 ], [ 8.350735298194817, 39.082573835756904 ], [ 8.350825844518742, 39.082470713047194 ], [ 8.350933691781233, 39.082056806885447 ], [ 8.350994964691974, 39.081678683109246 ], [ 8.351397238798032, 39.081149270397063 ], [ 8.351531425575001, 39.081014850955768 ], [ 8.351892306184277, 39.080744274832085 ], [ 8.352132973371805, 39.080660007597174 ], [ 8.352636094154716, 39.080638020468307 ], [ 8.352887385740928, 39.080656312066473 ], [ 8.353410164284321, 39.080855201156425 ], [ 8.353606000263719, 39.080932880502125 ], [ 8.353987316815967, 39.081114089587309 ], [ 8.354530537910364, 39.081449379087552 ], [ 8.358185288291196, 39.084811521940551 ], [ 8.358559786942571, 39.085589658111843 ], [ 8.358601507802174, 39.085930055117515 ], [ 8.358550442431032, 39.086621369413258 ], [ 8.358414046566635, 39.087318974229383 ], [ 8.356655824075492, 39.088513385026971 ], [ 8.353022619121967, 39.091322744082333 ], [ 8.35290477111756, 39.091565386090281 ], [ 8.350785837539156, 39.096924173142902 ], [ 8.350745774469409, 39.097509666190007 ], [ 8.352107646001352, 39.099067136256068 ], [ 8.360299099584678, 39.104873785443701 ], [ 8.36024519820085, 39.108437339543272 ], [ 8.360310801148971, 39.109656437141119 ], [ 8.360329859744557, 39.109947146056605 ], [ 8.367015731642008, 39.112621610133068 ], [ 8.371262729670491, 39.113527672389083 ], [ 8.373730372349749, 39.11390026795987 ], [ 8.373142350406907, 39.112218809100682 ], [ 8.377894828053208, 39.101847817377823 ], [ 8.378277110224349, 39.101281036056157 ], [ 8.378506893771316, 39.100958991017599 ], [ 8.379072189866744, 39.100456260071823 ], [ 8.379831944346492, 39.099866704513033 ], [ 8.379982868802394, 39.099799923129972 ], [ 8.380156998741507, 39.099724255633561 ], [ 8.3803687681618, 39.099642030504867 ], [ 8.385587428344101, 39.099285554111439 ], [ 8.386417613773505, 39.099234735012629 ], [ 8.409333894350041, 39.101833373715159 ], [ 8.411200500607031, 39.102314769312684 ], [ 8.414130097222886, 39.103791567237451 ], [ 8.4168057137964, 39.105227596810344 ], [ 8.419736244243156, 39.106795494855049 ], [ 8.422862950463543, 39.10843412646625 ], [ 8.424778437245468, 39.108804034476897 ], [ 8.425741780700891, 39.108923674287162 ], [ 8.425976159459827, 39.108546365263187 ], [ 8.428166581165954, 39.103879281428327 ], [ 8.428700154946155, 39.100818146501936 ], [ 8.429247847725936, 39.099765411835769 ], [ 8.430947949279329, 39.096693073142085 ], [ 8.43152223948907, 39.095919798619967 ], [ 8.431567328398719, 39.095885102180098 ], [ 8.432948979888819, 39.09537256895667 ], [ 8.433494042110029, 39.095176974008851 ], [ 8.433638583277268, 39.095177676224068 ], [ 8.433774334803248, 39.095192978641748 ], [ 8.434263481621041, 39.095301232877823 ], [ 8.434452435379583, 39.095351710730206 ], [ 8.436885033964808, 39.094822822336496 ], [ 8.437203758702816, 39.094731998181722 ], [ 8.438703483364446, 39.094085926843924 ], [ 8.439003794896927, 39.093946574315723 ], [ 8.443005044391844, 39.092075690656657 ], [ 8.451313080057657, 39.087618566346521 ], [ 8.454592422364403, 39.08537668074316 ], [ 8.455293278759783, 39.084825776272005 ], [ 8.455749895169989, 39.084460707150683 ], [ 8.456087462815342, 39.084164917297478 ], [ 8.456489585553843, 39.083743272264726 ], [ 8.456552817880427, 39.083601642378994 ], [ 8.456967854350122, 39.082625874927061 ], [ 8.457104673755579, 39.081368341545748 ], [ 8.457118821127677, 39.080842387077503 ], [ 8.457069214123383, 39.08014942857104 ], [ 8.456916149191914, 39.078813949990447 ], [ 8.456634299156967, 39.078066970475007 ], [ 8.456527740243967, 39.077828806543721 ], [ 8.456456270315593, 39.077349759532517 ], [ 8.456444647440778, 39.077169484090007 ], [ 8.456455426378593, 39.076894697751833 ], [ 8.456534121627866, 39.076432120101124 ], [ 8.456728909779605, 39.07552853935605 ], [ 8.459093864379517, 39.065767005997216 ], [ 8.464582369894188, 39.0579977288143 ], [ 8.474223667267569, 39.059066609444216 ], [ 8.474565597724704, 39.059130100584767 ], [ 8.474724237917476, 39.059167986359526 ], [ 8.475220027969211, 39.059330165125978 ], [ 8.476140170324191, 39.059742055435059 ], [ 8.476727312949729, 39.060055574572488 ], [ 8.47718479516293, 39.060320076235762 ], [ 8.477548736436935, 39.060534593765098 ], [ 8.477846075219352, 39.060769088943104 ], [ 8.478013814986664, 39.060945555253134 ], [ 8.47869836110725, 39.062161737958917 ], [ 8.478854540207632, 39.062535271880044 ], [ 8.478601232626666, 39.063973664183003 ], [ 8.478044488835723, 39.066982007393918 ], [ 8.477567440875218, 39.069365559650279 ], [ 8.477604410619572, 39.069446826715982 ], [ 8.477945725300694, 39.070189516824826 ], [ 8.47821467323595, 39.070556797533243 ], [ 8.478465115625694, 39.070886822866768 ], [ 8.482075764638203, 39.075677666676768 ], [ 8.485389065448175, 39.08008862169752 ], [ 8.486399197966552, 39.081488665606329 ], [ 8.487282938162515, 39.082785644755099 ], [ 8.488416179711443, 39.08456017298851 ], [ 8.488458801816112, 39.084661736339548 ], [ 8.488458248635862, 39.08473832689829 ], [ 8.487917283756138, 39.084799029545231 ], [ 8.485960409367985, 39.084798303834887 ], [ 8.487720342535033, 39.088848642166113 ], [ 8.485484612224605, 39.088222667250349 ], [ 8.479159280443797, 39.093409737594484 ], [ 8.474566159372451, 39.104058212936536 ], [ 8.471647547249614, 39.112169599425016 ], [ 8.468394161719669, 39.117212245517344 ], [ 8.466832141976109, 39.118611957234172 ], [ 8.466662249844607, 39.118706922040012 ], [ 8.465604009241849, 39.11925512691451 ], [ 8.461029983735317, 39.121211987456171 ], [ 8.460916916604402, 39.121248633564065 ], [ 8.460756699279012, 39.121210723596278 ], [ 8.458432332783687, 39.120350658637449 ], [ 8.457739244826493, 39.119845073891824 ], [ 8.454959250362416, 39.118264192177953 ], [ 8.454763235337152, 39.118182174832022 ], [ 8.450472659413551, 39.117312740960344 ], [ 8.450115872105165, 39.117267128564691 ], [ 8.448697295164992, 39.117098229749537 ], [ 8.442675298945959, 39.116516544866869 ], [ 8.440138736229368, 39.117486588968461 ], [ 8.437371729169957, 39.120151791066291 ], [ 8.437248990456231, 39.12031226898312 ], [ 8.437010652557015, 39.120644525446863 ], [ 8.435889089370603, 39.122210398570409 ], [ 8.435802717781566, 39.122342891257382 ], [ 8.435679388684454, 39.122576580489429 ], [ 8.435630681462037, 39.12270024609343 ], [ 8.433533070217507, 39.129849308880964 ], [ 8.438578867647403, 39.141129567128971 ], [ 8.437124246531862, 39.155962482607976 ], [ 8.434047477161602, 39.158984271318808 ], [ 8.428177614642362, 39.163668340708369 ], [ 8.42553891659459, 39.165754909354597 ], [ 8.418340706188154, 39.171179824575404 ], [ 8.412908436457547, 39.173982010054729 ], [ 8.411182990552302, 39.173351551071946 ], [ 8.407567835855824, 39.163221843430911 ], [ 8.408109457931593, 39.162472182893474 ], [ 8.411122112800335, 39.161044571013349 ], [ 8.414161172325747, 39.159733026512214 ], [ 8.416519642505866, 39.154803482376636 ], [ 8.414831827598828, 39.150729955052803 ], [ 8.414660545761777, 39.1504508812654 ], [ 8.41376047451468, 39.150311194577682 ], [ 8.41259291996916, 39.151199651173563 ], [ 8.408231668058759, 39.156001823720729 ], [ 8.40678837044717, 39.158696641495546 ], [ 8.406451266231235, 39.163518027733765 ], [ 8.404706805163347, 39.169814525093464 ], [ 8.401417055907876, 39.179117209022124 ], [ 8.400571736777311, 39.182714971480003 ], [ 8.400274099623847, 39.184018893718601 ], [ 8.399436959213277, 39.190042868868453 ], [ 8.40001631218918, 39.190847822935254 ], [ 8.401444248254453, 39.193486347630945 ], [ 8.401447897480283, 39.19373866956947 ], [ 8.39773200116332, 39.198170893920405 ], [ 8.396331226875335, 39.19929901470762 ], [ 8.395897488421074, 39.199404896956629 ], [ 8.393181837523265, 39.199904403504725 ], [ 8.392525324287094, 39.199991090736738 ], [ 8.392140356162638, 39.199980071873298 ], [ 8.391114446962874, 39.199425051628836 ], [ 8.389484653101178, 39.198398293872131 ], [ 8.380350969586871, 39.203115695084428 ], [ 8.372247536805329, 39.209547735719369 ], [ 8.36826030745376, 39.215522897400483 ], [ 8.366596146864008, 39.227822651904773 ], [ 8.366645119503181, 39.228174340294423 ], [ 8.37785183551016, 39.236795012776724 ], [ 8.390926663337178, 39.246460629206304 ], [ 8.394226497367418, 39.248649440392647 ], [ 8.396708349370384, 39.249788672621683 ], [ 8.400925232096956, 39.252693895322039 ], [ 8.402056425420252, 39.254938890512967 ], [ 8.404221012679381, 39.257657727292745 ], [ 8.404910539459113, 39.25835508171 ], [ 8.410956582243882, 39.264396013782921 ], [ 8.414515064543798, 39.265801619338987 ], [ 8.414652300557755, 39.265851867117078 ], [ 8.414873344639393, 39.265929569321464 ], [ 8.415064227494549, 39.265975582535141 ], [ 8.415220410212546, 39.266012410338519 ], [ 8.415569194358305, 39.265888010285956 ], [ 8.415871240290656, 39.265808429906087 ], [ 8.417388797736521, 39.265924160602253 ], [ 8.420250059588437, 39.266154699099921 ], [ 8.420574393977539, 39.266183345894589 ], [ 8.420737787677609, 39.266224707609886 ], [ 8.420921393577087, 39.266275179558079 ], [ 8.421247994431745, 39.266380427087761 ], [ 8.421510993698879, 39.266467337867134 ], [ 8.421880068462636, 39.266694440208227 ], [ 8.423098950486851, 39.267542991441431 ], [ 8.423804025809632, 39.268145699331029 ], [ 8.425311418251239, 39.269513775614783 ], [ 8.425575235749024, 39.269857487711924 ], [ 8.426492747660895, 39.271069452769169 ], [ 8.428279079929627, 39.273790480336856 ], [ 8.43319600676357, 39.282239581376849 ], [ 8.434178952970898, 39.284001459508573 ], [ 8.435443421773064, 39.286809941943439 ], [ 8.436353809096063, 39.288958912337833 ], [ 8.436772795940605, 39.290213432278662 ], [ 8.436990414785159, 39.291998612469747 ], [ 8.434903250735575, 39.303522241438571 ], [ 8.434784740610189, 39.303837041393784 ], [ 8.433035077224149, 39.307946434530855 ], [ 8.431682195361031, 39.311733347433943 ], [ 8.430462597754481, 39.313727764869064 ], [ 8.426768606895742, 39.31828707083455 ], [ 8.426534767405304, 39.318511186645203 ], [ 8.426347771812774, 39.318681468187783 ], [ 8.424504340908051, 39.319969911418966 ], [ 8.423490834234018, 39.320487515686587 ], [ 8.422405654310241, 39.320549716130877 ], [ 8.41980882303481, 39.320865692441487 ], [ 8.41951118051543, 39.321086097808944 ], [ 8.418654788684851, 39.321887153198702 ], [ 8.417850921151766, 39.323696537664176 ], [ 8.417825316840235, 39.323811295933368 ], [ 8.417776543816403, 39.325496051709344 ], [ 8.418397033980495, 39.326220007155527 ], [ 8.419726671223327, 39.329052619235711 ], [ 8.420648126565412, 39.33179983463932 ], [ 8.420670213372434, 39.331935104933542 ], [ 8.420633326798544, 39.332187221455271 ], [ 8.420511352684915, 39.332380342697633 ], [ 8.420374728462734, 39.33259141325258 ], [ 8.415889843903942, 39.336128208273983 ], [ 8.415820076281804, 39.336145879620389 ], [ 8.413230561322639, 39.336555229079352 ], [ 8.411858524226796, 39.336720632875775 ], [ 8.405543784886898, 39.337012937921678 ], [ 8.400680989128322, 39.337123159042925 ], [ 8.397157598964057, 39.337493547903293 ], [ 8.396694754088374, 39.337680373369253 ], [ 8.394728560327888, 39.339795555523949 ], [ 8.392675994651697, 39.343161604625557 ], [ 8.387957870697461, 39.352411093192586 ], [ 8.387066776085113, 39.355271784746925 ], [ 8.385543291124396, 39.365553881732978 ], [ 8.384114706394669, 39.365807637036475 ], [ 8.382334999554168, 39.366221703069172 ], [ 8.376922816178665, 39.368323859016719 ], [ 8.37664011840539, 39.368457504318719 ], [ 8.376522023277415, 39.368519947312592 ], [ 8.376335373598227, 39.368622569052334 ], [ 8.376297365154736, 39.36865390092138 ], [ 8.376101364817014, 39.368828558502514 ], [ 8.373143082372312, 39.373804531788743 ], [ 8.37298346095044, 39.374776817864344 ], [ 8.375519332228835, 39.376826847708813 ], [ 8.3758899518599, 39.376927954368341 ], [ 8.375984639744829, 39.37688791328813 ], [ 8.376181312417948, 39.376803367383467 ], [ 8.379341330150391, 39.373945884900891 ], [ 8.380768520607834, 39.378470051557599 ], [ 8.383161323334161, 39.385602251135452 ], [ 8.386019975066564, 39.393630027265765 ], [ 8.390036360202085, 39.395320361132164 ], [ 8.392245980543096, 39.395963791214029 ], [ 8.395549679295234, 39.398517478554268 ], [ 8.401893551136293, 39.404136813831563 ], [ 8.402431568580333, 39.404718507238769 ], [ 8.402767230821029, 39.405195538130002 ], [ 8.410738738936942, 39.418027793941945 ], [ 8.411474942334779, 39.419929366094848 ], [ 8.412118379515137, 39.422506252793951 ], [ 8.412716089589598, 39.426903033410724 ], [ 8.412696463492132, 39.432527754193735 ], [ 8.412037158800524, 39.437527512791434 ], [ 8.411776146288537, 39.438684044237625 ], [ 8.411622800742418, 39.439300488192423 ], [ 8.411495018339073, 39.439813441326336 ], [ 8.411254666645799, 39.440411423244647 ], [ 8.410958699191694, 39.44105868114206 ], [ 8.410899534931188, 39.441184528717301 ], [ 8.41084105482466, 39.441229285408546 ], [ 8.410759332777122, 39.441273923426081 ], [ 8.409719873986965, 39.441719178166998 ], [ 8.404073975900195, 39.444402548623579 ], [ 8.397049797652111, 39.446321624343298 ], [ 8.396553750243566, 39.446400145924237 ], [ 8.396374842430289, 39.44642624924618 ], [ 8.395269593871287, 39.446564675107162 ], [ 8.394280941273012, 39.446658645803161 ], [ 8.392664273660181, 39.446803393782012 ], [ 8.390392088376359, 39.450152418315312 ], [ 8.384573194210649, 39.454996443037729 ], [ 8.383262189449011, 39.457359252472209 ], [ 8.385622287958407, 39.471178027568989 ], [ 8.387024751662734, 39.475305456944227 ], [ 8.387154545007443, 39.47558546446006 ], [ 8.387400637151682, 39.475861580196884 ], [ 8.390134590131732, 39.478326791939544 ], [ 8.397277279495444, 39.484626291183432 ], [ 8.400900279045764, 39.48655522697991 ], [ 8.401491055708789, 39.486819572292404 ], [ 8.402176402457679, 39.486904191634814 ], [ 8.402479420317986, 39.486824655524273 ], [ 8.403771262971206, 39.486696130186978 ], [ 8.404096841789041, 39.486697799204201 ], [ 8.406840145038476, 39.489550113000249 ], [ 8.408837781970533, 39.49173517967958 ], [ 8.419867214540064, 39.504600175680579 ], [ 8.419924618842041, 39.504690566956675 ], [ 8.419958313139626, 39.504834901021269 ], [ 8.419864201397621, 39.50513740719078 ], [ 8.423339600839995, 39.509471809215327 ], [ 8.431585240641125, 39.519651370454312 ], [ 8.434642158357462, 39.522325469805658 ], [ 8.435159020970273, 39.522790891225057 ], [ 8.4439775421404, 39.535046978553069 ], [ 8.451117346122823, 39.545646694754538 ], [ 8.453569230840445, 39.551320128994341 ], [ 8.45375212683912, 39.551744474994855 ], [ 8.453747533878746, 39.552330126341801 ], [ 8.453649265338759, 39.552987419783143 ], [ 8.453375980755013, 39.553697952583789 ], [ 8.452760199986709, 39.555037596344057 ], [ 8.45491666203919, 39.563562500211198 ], [ 8.455052100699971, 39.563734331253585 ], [ 8.455170290212791, 39.563879050959407 ], [ 8.458922727444778, 39.567862253708142 ], [ 8.459741240490864, 39.568901123150724 ], [ 8.459948341599636, 39.569217446964878 ], [ 8.464165632841928, 39.57640918375381 ], [ 8.464257109782192, 39.576625853014129 ], [ 8.464417129346192, 39.577014034567277 ], [ 8.464576458610225, 39.577492315656919 ], [ 8.464780142027555, 39.578259130406195 ], [ 8.464579190543125, 39.579028586235644 ], [ 8.464217509456795, 39.580256826522842 ], [ 8.463624099207649, 39.580578460001668 ], [ 8.463479033611678, 39.580893150937605 ], [ 8.463276435798681, 39.581495906303402 ], [ 8.463184640809684, 39.582829007470487 ], [ 8.463496787777515, 39.587650960256752 ], [ 8.464208771096613, 39.588951727731853 ], [ 8.466500963075127, 39.593002264752606 ], [ 8.467515821555743, 39.593547538099124 ], [ 8.46904366598962, 39.594785560428811 ], [ 8.469109874383566, 39.594884976019074 ], [ 8.469250887645625, 39.595101867070198 ], [ 8.469587137936719, 39.595680061030599 ], [ 8.46993825013003, 39.596600712683241 ], [ 8.470419170330102, 39.598256292582853 ], [ 8.470572675821181, 39.598937268539508 ], [ 8.470897683569257, 39.6009964730628 ], [ 8.470855057563893, 39.601623618324467 ], [ 8.466652792132333, 39.613443895954077 ], [ 8.465797297105789, 39.615620447111318 ], [ 8.465546818559083, 39.616189193781722 ], [ 8.465009091369357, 39.616805047030368 ], [ 8.459762520287766, 39.620133707093473 ], [ 8.459347044974448, 39.620375051092296 ], [ 8.45726930114196, 39.620690858087706 ], [ 8.456603240793331, 39.620756447301481 ], [ 8.455706721753902, 39.620495458187413 ], [ 8.455601419316491, 39.620366568661204 ], [ 8.455241179437873, 39.620247746771909 ], [ 8.45416935953728, 39.62024271589322 ], [ 8.453946305338455, 39.620457913488124 ], [ 8.45206258284184, 39.62294488136866 ], [ 8.451955809356138, 39.623187653436389 ], [ 8.449561440308324, 39.63422287616973 ], [ 8.451686487799517, 39.639594005969926 ], [ 8.452478185538029, 39.65446795371949 ], [ 8.453879833943148, 39.659841246469064 ], [ 8.458990581462956, 39.667441600105143 ], [ 8.459129492032796, 39.668129272902448 ], [ 8.458937154721124, 39.668685881357845 ], [ 8.458578154460515, 39.669122327768541 ], [ 8.450377736946606, 39.675358260306965 ], [ 8.449992689062606, 39.675392478270183 ], [ 8.44907180506565, 39.675361082590051 ], [ 8.448524956819464, 39.675214324285427 ], [ 8.448456958656482, 39.675150930650204 ], [ 8.448270314297272, 39.674978850592481 ], [ 8.448193427441483, 39.674933434133472 ], [ 8.448017867729698, 39.674833488184852 ], [ 8.447968531305996, 39.674806223884588 ], [ 8.447854815663687, 39.674810187502381 ], [ 8.447761505233681, 39.674814248943058 ], [ 8.447630265645568, 39.674822635025805 ], [ 8.447011600155097, 39.674909792190618 ], [ 8.445919145142609, 39.675557822292319 ], [ 8.445183222903781, 39.676090412904159 ], [ 8.44437376219601, 39.678341333175091 ], [ 8.444374377577969, 39.682447712187404 ], [ 8.444794896831128, 39.685269898663655 ], [ 8.445087001936493, 39.685199214065278 ], [ 8.44658977580206, 39.685395598171858 ], [ 8.448188077825002, 39.685861595175297 ], [ 8.448322985275269, 39.685944453466789 ], [ 8.448529012636103, 39.686249524986025 ], [ 8.448772400653953, 39.686622348278242 ], [ 8.449395824057955, 39.687600654239013 ], [ 8.449728205879147, 39.688149595616771 ], [ 8.451382661903615, 39.691292951380667 ], [ 8.451660176251352, 39.691963264594875 ], [ 8.452105780821711, 39.693132180509807 ], [ 8.454786639406858, 39.704824171578331 ], [ 8.455349009015455, 39.708962452851054 ], [ 8.455343741193381, 39.711115842900064 ], [ 8.453256756492152, 39.712439529233393 ], [ 8.451628587598176, 39.71326979053557 ], [ 8.447251322683554, 39.715033032204673 ], [ 8.446480418184592, 39.718065761258622 ], [ 8.44667284767498, 39.718805506533705 ], [ 8.446775238162601, 39.718950155281895 ], [ 8.446834383157963, 39.719031528562276 ], [ 8.44757559732586, 39.719719824697201 ], [ 8.447934827873404, 39.72002787622931 ], [ 8.44894497925749, 39.72064536168682 ], [ 8.449162170965225, 39.740086752582677 ], [ 8.448980008204545, 39.741161463314157 ], [ 8.448021061692337, 39.744328446774212 ], [ 8.447866245441343, 39.744715141317663 ], [ 8.447415542447159, 39.745614002647457 ], [ 8.4465164847601, 39.747114397733498 ], [ 8.446366049960043, 39.747316406218097 ], [ 8.446186146452646, 39.74755431438134 ], [ 8.445751986321909, 39.747840563264759 ], [ 8.445612735395118, 39.747920989351918 ], [ 8.445388431401092, 39.748055067829796 ], [ 8.445234314513538, 39.74835166344085 ], [ 8.444209504373111, 39.75386991593831 ], [ 8.444058297845013, 39.758157965733012 ], [ 8.450224691071162, 39.768107374745341 ], [ 8.45129874463084, 39.769590099974728 ], [ 8.451683675766134, 39.769636969578805 ], [ 8.454519791856587, 39.769776473943558 ], [ 8.455068463861471, 39.769788061426716 ], [ 8.455874421261727, 39.769746792287435 ], [ 8.456668738863046, 39.769700958916516 ], [ 8.457485907858588, 39.76971829663529 ], [ 8.458023681741144, 39.769630709141367 ], [ 8.458445621029416, 39.769425448474642 ], [ 8.459854405353214, 39.768440911652483 ], [ 8.460171605551098, 39.76819010669994 ], [ 8.460937235080701, 39.767328703647664 ], [ 8.468866230041614, 39.758030868819716 ], [ 8.469073600900249, 39.756869523321868 ], [ 8.469053438940804, 39.756454968703409 ], [ 8.469021946419289, 39.755995312563194 ], [ 8.468954882595321, 39.755607574542395 ], [ 8.468981065547286, 39.755238282411355 ], [ 8.469112373145434, 39.754860460093269 ], [ 8.471780412094908, 39.749421555625297 ], [ 8.472252045743319, 39.74860941636593 ], [ 8.492388733444962, 39.72486644768761 ], [ 8.498394142309049, 39.718337702601289 ], [ 8.498505322597955, 39.717887677595719 ], [ 8.498204014291792, 39.717607062885904 ], [ 8.497065259533349, 39.716971427534361 ], [ 8.494003690386549, 39.716435539080891 ], [ 8.492485785176093, 39.716203659359323 ], [ 8.498296012346417, 39.713967375940591 ], [ 8.502218257099496, 39.713034818036313 ], [ 8.504634729196642, 39.716690870241358 ], [ 8.505705117590463, 39.718331892825134 ], [ 8.506677333470009, 39.719839589757193 ], [ 8.507134221427238, 39.720602883875451 ], [ 8.507470863161283, 39.721254166935836 ], [ 8.507622428057433, 39.721885516668493 ], [ 8.508046556576558, 39.724388744008785 ], [ 8.507971459634827, 39.725309708443255 ], [ 8.507852016389718, 39.725492782561801 ], [ 8.507189616298719, 39.725933719852854 ], [ 8.506208165738222, 39.726320361991796 ], [ 8.505598563520998, 39.72651373778131 ], [ 8.505192033140412, 39.726864524983355 ], [ 8.503984793994537, 39.728632109691958 ], [ 8.503968136229975, 39.728717634168262 ], [ 8.504377048216355, 39.729258859592839 ], [ 8.504733683706707, 39.729564471858836 ], [ 8.509895582921265, 39.732633224650868 ], [ 8.510783655075345, 39.733752785707573 ], [ 8.514812204349962, 39.738391864849113 ], [ 8.518182197922108, 39.742145082939388 ], [ 8.518506847426618, 39.742452773128839 ], [ 8.51939818336148, 39.743510644741704 ], [ 8.520761591275944, 39.745294644924783 ], [ 8.520895796712992, 39.745508061700086 ], [ 8.521079038661876, 39.746014507508761 ], [ 8.521088237656855, 39.746160959342362 ], [ 8.52062218707332, 39.746463125153639 ], [ 8.519544193420135, 39.747064595701119 ], [ 8.518015265040244, 39.747887182838369 ], [ 8.514732122462746, 39.751264666119937 ], [ 8.513106481965982, 39.753367337930626 ], [ 8.514345757973267, 39.755585623758542 ], [ 8.522223172079851, 39.761811599070072 ], [ 8.530926715990676, 39.769738769184094 ], [ 8.533836818161694, 39.773648459502056 ], [ 8.534238408054529, 39.774267258289179 ], [ 8.538599968161899, 39.781646995280937 ], [ 8.539615281397223, 39.783498081134482 ], [ 8.540930451490583, 39.785926983216648 ], [ 8.543432893815412, 39.790739191122036 ], [ 8.543720644827726, 39.791380031965211 ], [ 8.544963772909139, 39.794150985020103 ], [ 8.545170624954224, 39.794665364601933 ], [ 8.545365739603945, 39.795188710564702 ], [ 8.551486487835884, 39.821651186505171 ], [ 8.551777454819264, 39.822951997785005 ], [ 8.552696407987071, 39.827421102022427 ], [ 8.552867059596062, 39.828361047328855 ], [ 8.55290693815201, 39.829419869319942 ], [ 8.554023587315214, 39.834064288124154 ], [ 8.554171933223728, 39.834844217060123 ], [ 8.55459432070079, 39.837301048877151 ], [ 8.554758738366504, 39.838761289256716 ], [ 8.555480720308708, 39.847327992865679 ], [ 8.555538305501319, 39.848594107304208 ], [ 8.555542325025, 39.849783431328241 ], [ 8.555388409393021, 39.85144517144581 ], [ 8.554960301031615, 39.853477517440524 ], [ 8.553905115005561, 39.857565087720985 ], [ 8.561666580134824, 39.859586991505232 ], [ 8.564945390997558, 39.859671414892112 ], [ 8.565507085560787, 39.86005193640797 ], [ 8.57045798588188, 39.863850028952399 ], [ 8.570346438873397, 39.864628971823997 ], [ 8.570169650402036, 39.865557462536096 ], [ 8.564003457510637, 39.864877852312297 ], [ 8.562518182186807, 39.864710081510921 ], [ 8.560590634036112, 39.864456149598354 ], [ 8.560611528416526, 39.86415890255337 ], [ 8.558530176537277, 39.863962917587315 ], [ 8.552013347827694, 39.863979602110092 ], [ 8.544242389983481, 39.866011466482234 ], [ 8.540118361220156, 39.868800643007155 ], [ 8.539754929639805, 39.869162975728116 ], [ 8.539816478145575, 39.869795037546908 ], [ 8.543934821750591, 39.874275699141201 ], [ 8.545608918387762, 39.875978377647243 ], [ 8.544910633191412, 39.877241528059919 ], [ 8.540548753799959, 39.883593178550925 ], [ 8.544541527879256, 39.884645062858809 ], [ 8.537724342751952, 39.891434044295359 ], [ 8.535803618460278, 39.893539180930873 ], [ 8.534272644774889, 39.895073725676554 ], [ 8.532753911621626, 39.896518200800486 ], [ 8.531730078854608, 39.897424064945447 ], [ 8.529989359481023, 39.898813547997221 ], [ 8.528895517045875, 39.899683063253185 ], [ 8.527790072860471, 39.900534500965875 ], [ 8.527507967216236, 39.900731567985531 ], [ 8.526309713063023, 39.901465486282405 ], [ 8.524289897503847, 39.902583446913404 ], [ 8.522858300682058, 39.903217262882094 ], [ 8.518763174512126, 39.904984286183605 ], [ 8.515327093318689, 39.906168281893947 ], [ 8.51353312630396, 39.906737396834444 ], [ 8.511446275654208, 39.907359312399969 ], [ 8.509700390775233, 39.90773936543728 ], [ 8.508552676791959, 39.907905692311566 ], [ 8.506808506879137, 39.908042445657898 ], [ 8.506200680203934, 39.907967780784496 ], [ 8.498441348919432, 39.906736172473266 ], [ 8.491041265569676, 39.905411022259848 ], [ 8.491654599917089, 39.906318072620657 ], [ 8.494120747450475, 39.90862410710843 ], [ 8.491855393152695, 39.909622174858818 ], [ 8.479111870592005, 39.904767907802039 ], [ 8.468109445449914, 39.904172871228141 ], [ 8.46795454883754, 39.904158645846664 ], [ 8.467456749996041, 39.904048243201522 ], [ 8.466651812219315, 39.903756229478446 ], [ 8.466458378827992, 39.903620191433987 ], [ 8.466275928166381, 39.901880459477248 ], [ 8.467282593206876, 39.901234129264708 ], [ 8.467618503330108, 39.901098271962333 ], [ 8.468274201414825, 39.899695748461895 ], [ 8.464016950140248, 39.897532939923863 ], [ 8.456926204434845, 39.893349801915441 ], [ 8.456119114606192, 39.8927964205023 ], [ 8.444105626523662, 39.882423200990651 ], [ 8.441933807443116, 39.880016153691493 ], [ 8.441372130128439, 39.879157515160657 ], [ 8.441823652998204, 39.877555936673936 ], [ 8.442486494542598, 39.874766072321442 ], [ 8.440392473720566, 39.864800096450288 ], [ 8.438565623405895, 39.860853955912908 ], [ 8.436784074391726, 39.858363099829702 ], [ 8.43644899428814, 39.85805851569522 ], [ 8.435571000519031, 39.858024964510776 ], [ 8.434781991645631, 39.858366876554292 ], [ 8.432530443455715, 39.860270481099811 ], [ 8.432145334822614, 39.860894781901706 ], [ 8.431748763809521, 39.862199270118062 ], [ 8.432335042082679, 39.865184406005348 ], [ 8.433203813471884, 39.865639147540215 ], [ 8.434314421942524, 39.865833776888792 ], [ 8.437799552948606, 39.867157149761127 ], [ 8.438339696887846, 39.867592241443894 ], [ 8.438528993851261, 39.868575232229617 ], [ 8.438662623117812, 39.871008538813292 ], [ 8.438569196132068, 39.875296777385046 ], [ 8.438387036740648, 39.876124800806267 ], [ 8.438042827871795, 39.877285403885828 ], [ 8.435983985163771, 39.882365969823191 ], [ 8.434714016492292, 39.884098684435664 ], [ 8.434170579428029, 39.884762761929991 ], [ 8.431060394836184, 39.888207320145966 ], [ 8.420428428920127, 39.895894108044537 ], [ 8.411155340688799, 39.900694668086047 ], [ 8.410892449997808, 39.900828480093594 ], [ 8.410529861772376, 39.900993318421349 ], [ 8.410107939361549, 39.901085775734153 ], [ 8.409787293485381, 39.901133698543511 ], [ 8.409469880950512, 39.901145597445044 ], [ 8.40868426501754, 39.901019960080511 ], [ 8.408500689268799, 39.900942441777801 ], [ 8.405229772588211, 39.899403055475148 ], [ 8.403933645481441, 39.898628315365386 ], [ 8.402137634206378, 39.898508700093771 ], [ 8.401986397746162, 39.898581124630454 ], [ 8.401137587620767, 39.899169139069805 ], [ 8.400375705867733, 39.900351116506222 ], [ 8.399784050764032, 39.901460765543831 ], [ 8.398807802856677, 39.903740817802031 ], [ 8.398557646174131, 39.907765769815924 ], [ 8.398908741309532, 39.917957649591926 ], [ 8.399846400750222, 39.926990290501053 ], [ 8.400811013201771, 39.933797642125818 ], [ 8.402006993684449, 39.944804707591693 ], [ 8.401363790836044, 39.956989286307206 ], [ 8.401080447850859, 39.959105106031608 ], [ 8.40047024111642, 39.962113445448324 ], [ 8.399513428048902, 39.965586236095199 ], [ 8.398692190457139, 39.968108073497561 ], [ 8.397649697161903, 39.970315665150174 ], [ 8.396424422446895, 39.971661871960414 ], [ 8.395685314351429, 39.972150175511352 ], [ 8.395138871332092, 39.972368062663897 ], [ 8.393791865580623, 39.97290273312813 ], [ 8.393377423070897, 39.972924215571069 ], [ 8.392961936209435, 39.972898389844687 ], [ 8.392479014403998, 39.973214577220517 ], [ 8.392252608633981, 39.973655990987197 ], [ 8.391404415105017, 39.975544699736375 ], [ 8.391435519616554, 39.975668746221096 ], [ 8.392714051677075, 39.979239905544638 ], [ 8.400528585880492, 39.987266532187611 ], [ 8.409098322830161, 39.996225597491652 ], [ 8.40914538080022, 39.996372244522455 ], [ 8.409551743813774, 39.997814733240943 ], [ 8.410900782602303, 39.999131376469514 ], [ 8.411106833381716, 39.999350907546635 ], [ 8.411315380643488, 40.000473668078889 ], [ 8.41124627104614, 40.000677160099215 ], [ 8.410796073848646, 40.001772923402122 ], [ 8.410213604389154, 40.002752011588079 ], [ 8.409902114714079, 40.004912739998453 ], [ 8.409919960673085, 40.005561524635617 ], [ 8.410470141526792, 40.010212170217983 ], [ 8.410689708144274, 40.010566915086009 ], [ 8.410807937661028, 40.010613690962352 ], [ 8.412068394219506, 40.010678653648654 ], [ 8.413015995069848, 40.011532616222084 ], [ 8.413082746358851, 40.011605030115767 ], [ 8.413334696105858, 40.011943040735915 ], [ 8.413912207168101, 40.013773791351653 ], [ 8.414006628985623, 40.014892590388492 ], [ 8.414057113110863, 40.015497616135164 ], [ 8.41411673317644, 40.01640451006724 ], [ 8.414083821589301, 40.016998979890197 ], [ 8.413870509682203, 40.018134239692415 ], [ 8.412513817284744, 40.020620781559067 ], [ 8.406660796138027, 40.028978905970916 ], [ 8.405988727401519, 40.029781820306418 ], [ 8.404509813623886, 40.031044584080014 ], [ 8.40435786432559, 40.031165432736884 ], [ 8.404091098345317, 40.031348756661266 ], [ 8.401880285029893, 40.032531138844909 ], [ 8.399933359249211, 40.033016599921183 ], [ 8.399464914230748, 40.032973629578777 ], [ 8.396264997877745, 40.0326641898912 ], [ 8.394549447120946, 40.031168653840687 ], [ 8.39427680228243, 40.030523044070989 ], [ 8.394041453942117, 40.02996772352293 ], [ 8.393897192909293, 40.029714700128004 ], [ 8.393446204454731, 40.029523139064679 ], [ 8.39299323452189, 40.029390127811133 ], [ 8.378255141844587, 40.02893470746578 ], [ 8.376264958455462, 40.035770172554216 ], [ 8.37790844986222, 40.037908646447541 ], [ 8.379220769405357, 40.039253608779639 ], [ 8.385756606435782, 40.043874315467463 ], [ 8.386471897964547, 40.044176547917658 ], [ 8.387755264727623, 40.044531331248102 ], [ 8.388512882454897, 40.044361896448976 ], [ 8.389084998194205, 40.043797311286674 ], [ 8.38941093770501, 40.043232554201268 ], [ 8.390326586528715, 40.042263214934849 ], [ 8.391479959399222, 40.042239997594613 ], [ 8.392349898330373, 40.042288484278281 ], [ 8.396569659370964, 40.043975057373963 ], [ 8.397151271339006, 40.044487126401108 ], [ 8.399174913255116, 40.046318697965106 ], [ 8.399588418953748, 40.047790527852641 ], [ 8.398930537376414, 40.048782673147421 ], [ 8.398268239437412, 40.050441502086535 ], [ 8.39912406839011, 40.051274822234355 ], [ 8.402576533676964, 40.05179721198423 ], [ 8.403446936539483, 40.051134989078406 ], [ 8.405768095004623, 40.047606157770694 ], [ 8.405917032900945, 40.047160947730355 ], [ 8.406420091739985, 40.045421299163301 ], [ 8.406970010754661, 40.043512958538749 ], [ 8.408489229467023, 40.042529670652911 ], [ 8.410225320076066, 40.041709638663839 ], [ 8.411909299713141, 40.041151719509877 ], [ 8.414141235825406, 40.041280152674048 ], [ 8.414737210198858, 40.04132483239939 ], [ 8.41690141069847, 40.041665721587442 ], [ 8.421542834102295, 40.042593322545663 ], [ 8.423963693691402, 40.043437644785747 ], [ 8.426251552173081, 40.044597717545123 ], [ 8.430697077581234, 40.047623217342014 ], [ 8.433051808138613, 40.05011690220767 ], [ 8.440307086081722, 40.050488911105134 ], [ 8.440394029705754, 40.049892446274789 ], [ 8.44045581303871, 40.049684398301991 ], [ 8.441382439906203, 40.048549157691873 ], [ 8.441619547060643, 40.04840501997348 ], [ 8.441819570433125, 40.048315889044041 ], [ 8.4430233715669, 40.047868950683323 ], [ 8.443574097347657, 40.047720686893683 ], [ 8.444284142584833, 40.047802928218545 ], [ 8.451622215821954, 40.050072268514498 ], [ 8.453700210526993, 40.050806230485513 ], [ 8.456929144149544, 40.052585036029434 ], [ 8.45983830805236, 40.054606645883439 ], [ 8.460399312263775, 40.055015816805103 ], [ 8.469866389687086, 40.062436109471172 ], [ 8.483118431481302, 40.07418589947509 ], [ 8.489199609775246, 40.079627612623597 ], [ 8.492925593955524, 40.086648900705342 ], [ 8.492993797575901, 40.086942009654521 ], [ 8.492901844813211, 40.087675883713949 ], [ 8.492786841397971, 40.087959180961604 ], [ 8.492485287562072, 40.088484917502797 ], [ 8.492316164234353, 40.088749957902735 ], [ 8.490627680338681, 40.091021954648483 ], [ 8.488885849196652, 40.093353381577856 ], [ 8.487996069448586, 40.094290945617665 ], [ 8.488923053733128, 40.100924918302148 ], [ 8.488407969583601, 40.105472446303111 ], [ 8.484900801585251, 40.117781892357897 ], [ 8.484497262195967, 40.118383732645398 ], [ 8.483968179449773, 40.119097628872012 ], [ 8.480855725804901, 40.121944230035766 ], [ 8.475997939526469, 40.126418079396885 ], [ 8.472037799636851, 40.130084963537257 ], [ 8.471869259477504, 40.130250871432381 ], [ 8.471682973519162, 40.130434714485297 ], [ 8.460057734769466, 40.150382063093723 ], [ 8.459519137811357, 40.151676908315828 ], [ 8.459434453489362, 40.151991842722474 ], [ 8.459018117726034, 40.154152160185504 ], [ 8.459476255130721, 40.155604815463256 ], [ 8.459821710181563, 40.156462323835427 ], [ 8.460258109486949, 40.157698649067612 ], [ 8.461463260264303, 40.170128235372303 ], [ 8.461503186656959, 40.171020351316024 ], [ 8.461438129048085, 40.171821885042618 ], [ 8.461340260006097, 40.172316945020121 ], [ 8.461160535856921, 40.172766578415469 ], [ 8.460278334370029, 40.174420198947679 ], [ 8.460052834069456, 40.174716457074972 ], [ 8.45963984619366, 40.174957783976545 ], [ 8.459435070619715, 40.175046921776136 ], [ 8.457578167481545, 40.17574997897831 ], [ 8.457460362226746, 40.175794472491425 ], [ 8.456982085194101, 40.175936381613496 ], [ 8.457172057328686, 40.175126427340217 ], [ 8.457162857551474, 40.174991242289323 ], [ 8.457150865208019, 40.17483802792102 ], [ 8.457025972176474, 40.174850956455678 ], [ 8.45682173112565, 40.174872520274754 ], [ 8.456323716713902, 40.175464803535739 ], [ 8.455775906241188, 40.176408215810142 ], [ 8.455762002122279, 40.176678430601207 ], [ 8.458119811562616, 40.182960022363041 ], [ 8.458249051555397, 40.183140813487455 ], [ 8.458340548544474, 40.183267373892463 ], [ 8.459192066771218, 40.184019133554855 ], [ 8.462075213617574, 40.187816503242416 ], [ 8.46565108160703, 40.19320264605301 ], [ 8.467657826403991, 40.199491416913787 ], [ 8.467632073836976, 40.19977959650322 ], [ 8.464589558323754, 40.20568470660718 ], [ 8.462102927605009, 40.214042854112066 ], [ 8.465974902871688, 40.227355162141983 ], [ 8.469917258177304, 40.237110092805956 ], [ 8.472923340276749, 40.242473089069343 ], [ 8.474187749188985, 40.246578067798204 ], [ 8.473423202742838, 40.247757058431723 ], [ 8.473534557822934, 40.248370197398373 ], [ 8.475692617643231, 40.253824976954306 ], [ 8.475995221237246, 40.254229511164709 ], [ 8.476167534556291, 40.254375566935302 ], [ 8.476348677288652, 40.254520535331487 ], [ 8.476752087949389, 40.254750201830483 ], [ 8.47618421530402, 40.255071608743108 ], [ 8.475987445665844, 40.255237389835436 ], [ 8.475833473663657, 40.255380839289579 ], [ 8.475895973670966, 40.255662663375588 ], [ 8.479026845436684, 40.267536367821442 ], [ 8.479052676263025, 40.26761869238662 ], [ 8.479141686756817, 40.267897255021168 ], [ 8.479233973833974, 40.26813191097343 ], [ 8.479317824421489, 40.268316977610645 ], [ 8.479407484462888, 40.26851107873938 ], [ 8.480548114073974, 40.270074806428788 ], [ 8.480828723982068, 40.270292287643336 ], [ 8.483205866209238, 40.271663325949483 ], [ 8.483344122342535, 40.272042330179552 ], [ 8.483837532655192, 40.273666196505431 ], [ 8.482967782171984, 40.285356300427345 ], [ 8.482898836155231, 40.285527168950409 ], [ 8.482778492915822, 40.285688795682525 ], [ 8.482644914746915, 40.285850365809168 ], [ 8.482373550045839, 40.286146455266355 ], [ 8.482232686290134, 40.286298983011996 ], [ 8.482054922031741, 40.286469361288866 ], [ 8.480699272555707, 40.287598446770993 ], [ 8.480588502073973, 40.287661015502842 ], [ 8.480428997240228, 40.287750391367837 ], [ 8.480180985656377, 40.28787540657693 ], [ 8.478889304527454, 40.288518258868073 ], [ 8.47863246406718, 40.288643231867198 ], [ 8.478265124076223, 40.288794733038181 ], [ 8.477998264846939, 40.288883621380428 ], [ 8.477787561927633, 40.288936724515821 ], [ 8.47751943908187, 40.28899857997876 ], [ 8.47724697353479, 40.289051403205683 ], [ 8.47695840094063, 40.289095146390494 ], [ 8.466246254478429, 40.298487875343696 ], [ 8.464491597119126, 40.300164487114159 ], [ 8.464324947796939, 40.300406964095167 ], [ 8.464238814015227, 40.300884051079841 ], [ 8.463757631376925, 40.303701701274662 ], [ 8.463693453356596, 40.304377093113615 ], [ 8.463726617145147, 40.304647522914834 ], [ 8.463830382760738, 40.304918278117952 ], [ 8.464270412634445, 40.30582123731088 ], [ 8.46469275110084, 40.305985356254709 ], [ 8.465879395140398, 40.306225079821687 ], [ 8.466749959787091, 40.306256124466188 ], [ 8.467455855271242, 40.30627739451257 ], [ 8.467667453331131, 40.306305396127151 ], [ 8.467772935420074, 40.306359935201883 ], [ 8.467878062995553, 40.306459521554451 ], [ 8.46636305085304, 40.310560731951917 ], [ 8.464009353625929, 40.315027411124724 ], [ 8.463807146096427, 40.315296750554012 ], [ 8.459066976207517, 40.319364846070229 ], [ 8.458747616067734, 40.319561552818222 ], [ 8.455393116936923, 40.321032322201418 ], [ 8.454886434966069, 40.321102007780198 ], [ 8.454286391679252, 40.321072150973031 ], [ 8.452163847110176, 40.320098139452242 ], [ 8.450616462386954, 40.319325021452784 ], [ 8.450311112777401, 40.319242488687102 ], [ 8.443348018918503, 40.318668641783816 ], [ 8.443104498763592, 40.318762065796754 ], [ 8.442981981990638, 40.318811024923775 ], [ 8.4422480548472, 40.319321012334633 ], [ 8.438456068822497, 40.322410825808475 ], [ 8.432481656078661, 40.331652083973879 ], [ 8.432635593203862, 40.332950156583507 ], [ 8.428295716590162, 40.335253144162813 ], [ 8.427539703170774, 40.335555717172966 ], [ 8.425922474539719, 40.33607023146476 ], [ 8.41987322548726, 40.337211236832367 ], [ 8.416954346834965, 40.335746089232842 ], [ 8.416249173225689, 40.335607395467299 ], [ 8.408866791081063, 40.335705039598771 ], [ 8.390284132282179, 40.337590586494855 ], [ 8.384295734371007, 40.343612990466731 ], [ 8.378995607827587, 40.359850579025697 ], [ 8.379125623126495, 40.360441372168665 ], [ 8.38000702005486, 40.361932599006714 ], [ 8.380204914086404, 40.362185914153109 ], [ 8.380979464403559, 40.362487360849912 ], [ 8.381205066984773, 40.362448028770523 ], [ 8.381380536148475, 40.362417435449565 ], [ 8.381731917319568, 40.362468864768417 ], [ 8.382093562760209, 40.362524851535262 ], [ 8.382356699979402, 40.36256679830327 ], [ 8.387540604509125, 40.363666447797506 ], [ 8.387657398037389, 40.363775174255444 ], [ 8.389169066465328, 40.365927330550711 ], [ 8.392170028695769, 40.380618912475732 ], [ 8.396709828910685, 40.395985088449684 ], [ 8.399777553015527, 40.403487557467173 ], [ 8.399753084943807, 40.407568514778994 ], [ 8.40152650321884, 40.409095726925685 ], [ 8.400510802908709, 40.412491368279412 ], [ 8.399005792509941, 40.422681742264821 ], [ 8.398198071573516, 40.429983830210453 ], [ 8.388974801946375, 40.449971384902241 ], [ 8.388789168162091, 40.450285716446317 ], [ 8.388675427185419, 40.450474301654353 ], [ 8.388221277320504, 40.451138560846026 ], [ 8.388172143311907, 40.451192355796813 ], [ 8.388018845807776, 40.451353703903109 ], [ 8.387661722652485, 40.451721179617358 ], [ 8.387448231224756, 40.451855183727439 ], [ 8.387199935254801, 40.451925938031806 ], [ 8.386903977195399, 40.452050494007523 ], [ 8.386701620639611, 40.452256626093522 ], [ 8.386282816239017, 40.452921066727043 ], [ 8.385500209288919, 40.454682659954408 ], [ 8.38412603641363, 40.457936582872179 ], [ 8.380009035671256, 40.468292855775935 ], [ 8.376550392219341, 40.47876062096411 ], [ 8.375464823192017, 40.483871811407766 ], [ 8.375303514485383, 40.484726785557996 ], [ 8.375210234309929, 40.485879419179021 ], [ 8.375140464509208, 40.487041188561491 ], [ 8.374991861722794, 40.487797130167536 ], [ 8.374845261674205, 40.488336871898106 ], [ 8.374226786863293, 40.490135301068669 ], [ 8.374069296796588, 40.490575882343371 ], [ 8.37393716032453, 40.490827416349383 ], [ 8.371589009543914, 40.493355175850624 ], [ 8.370398094690643, 40.494519846136676 ], [ 8.369743199870635, 40.495146898945819 ], [ 8.369505511531354, 40.495325778609526 ], [ 8.368519185271516, 40.496059122112349 ], [ 8.367878425644696, 40.49643399192616 ] ] ], [ [ [ 8.710668666157071, 40.919071295933591 ], [ 8.710585921546119, 40.918983258695185 ], [ 8.710363129146545, 40.9190108486345 ], [ 8.710181536263976, 40.919122995868548 ], [ 8.709983325775594, 40.919300411554204 ], [ 8.709925067149852, 40.919383591351618 ], [ 8.70990683876507, 40.919478132259918 ], [ 8.710014970376699, 40.919532454313838 ], [ 8.710286489400369, 40.919564666885506 ], [ 8.710532013954779, 40.91943015821824 ], [ 8.71062737501679, 40.919349324210138 ], [ 8.710702150997097, 40.919222269792144 ], [ 8.710668666157071, 40.919071295933591 ] ] ], [ [ [ 9.583238783551387, 41.067446758053812 ], [ 9.580571070815674, 41.067266557660837 ], [ 9.580127792674418, 41.067445572580411 ], [ 9.580002470164375, 41.067744593010211 ], [ 9.580036255814925, 41.068033805353494 ], [ 9.580135148113225, 41.06828215361103 ], [ 9.580563046865011, 41.068722516307574 ], [ 9.580991161719817, 41.069017622112085 ], [ 9.581330937358231, 41.069080090982922 ], [ 9.582107770949536, 41.069269841004335 ], [ 9.582361962848532, 41.069243784477685 ], [ 9.582458387934393, 41.069211768897084 ], [ 9.584859660538408, 41.068194089122784 ], [ 9.584794971142644, 41.068113344826592 ], [ 9.58424010658457, 41.067787367584614 ], [ 9.583995192021252, 41.067683891159703 ], [ 9.583238783551387, 41.067446758053812 ] ] ], [ [ [ 9.57573193058435, 41.061029146801651 ], [ 9.575216960841528, 41.061001316184544 ], [ 9.574879546009198, 41.061033402188265 ], [ 9.574386059232172, 41.061080902457192 ], [ 9.573100595009601, 41.061237060930488 ], [ 9.570966757644054, 41.061862450153136 ], [ 9.569243323840041, 41.06402276490968 ], [ 9.56918484630415, 41.06414240987862 ], [ 9.569245780338361, 41.064307631398329 ], [ 9.569585227055114, 41.064680912558281 ], [ 9.575192355709566, 41.069616469631683 ], [ 9.577580308920087, 41.068592250956556 ], [ 9.578289657945412, 41.068213737007298 ], [ 9.578526386572912, 41.068062789627518 ], [ 9.57891804574799, 41.067595784705269 ], [ 9.578995050357847, 41.067384835100107 ], [ 9.579071398967487, 41.067099573958004 ], [ 9.579089994705146, 41.066845004329586 ], [ 9.579159635422988, 41.065795222159643 ], [ 9.579099405436489, 41.063508617242441 ], [ 9.578753208797242, 41.062370843800402 ], [ 9.576267282466116, 41.061176228450506 ], [ 9.57573193058435, 41.061029146801651 ] ] ], [ [ [ 9.588319623298082, 41.068617868055476 ], [ 9.588169229857657, 41.068603997677336 ], [ 9.588050270120739, 41.068611360853154 ], [ 9.585503356968404, 41.068973389747221 ], [ 9.585144528515437, 41.069111458494433 ], [ 9.584467360291432, 41.069424544649038 ], [ 9.584417117020694, 41.069463083750797 ], [ 9.584270350856338, 41.069691279836093 ], [ 9.584163464642211, 41.070054393630578 ], [ 9.584144648543482, 41.070281940832075 ], [ 9.584982082059156, 41.071095168040941 ], [ 9.585152700762119, 41.071208027646918 ], [ 9.585283767832362, 41.071223126118724 ], [ 9.585672895796034, 41.071144581387841 ], [ 9.58736982041605, 41.070893855234971 ], [ 9.587728727532001, 41.070763660344461 ], [ 9.587778839469388, 41.070710482377322 ], [ 9.588556711715166, 41.069344052305873 ], [ 9.588574898164106, 41.069214471192325 ], [ 9.588594242122197, 41.069047723191055 ], [ 9.588562194429631, 41.068957807133089 ], [ 9.588400574866473, 41.068686140331131 ], [ 9.588319623298082, 41.068617868055476 ] ] ], [ [ [ 9.587262094334415, 41.074337707144011 ], [ 9.587150333206786, 41.074319135450324 ], [ 9.587004751234618, 41.074345774425773 ], [ 9.586773684632664, 41.074464055127727 ], [ 9.586670571764232, 41.074581683987503 ], [ 9.586594014129975, 41.074673280311906 ], [ 9.586586187708809, 41.074797180028327 ], [ 9.586716443881105, 41.074887722546997 ], [ 9.587156995595675, 41.075067889883549 ], [ 9.587302809577698, 41.07506714679365 ], [ 9.587594822543528, 41.074941798230512 ], [ 9.587680139624521, 41.074831015355542 ], [ 9.5877403290048, 41.074739502703551 ], [ 9.587478128389243, 41.074369260149027 ], [ 9.587262094334415, 41.074337707144011 ] ] ], [ [ [ 9.601395865447234, 41.078880272489556 ], [ 9.601239329910275, 41.078848435202325 ], [ 9.601154618180992, 41.07886013724098 ], [ 9.601112646130458, 41.07898984597545 ], [ 9.601278428008102, 41.079056540464101 ], [ 9.601303713627996, 41.079218552448992 ], [ 9.601325859174548, 41.079362564718558 ], [ 9.601365205258922, 41.079434422846823 ], [ 9.601592948516197, 41.079442242089996 ], [ 9.601856202082647, 41.079427355296779 ], [ 9.602040310344279, 41.079382480193885 ], [ 9.60205352589626, 41.079199999116319 ], [ 9.601981220821195, 41.079103541285839 ], [ 9.601780843324912, 41.07899649228365 ], [ 9.601667367934702, 41.078954296636034 ], [ 9.601395865447234, 41.078880272489556 ] ] ], [ [ [ 9.610022446070866, 41.079722210035662 ], [ 9.608862476416988, 41.073350695418462 ], [ 9.608382401257636, 41.072762082020198 ], [ 9.607023961683725, 41.071470970889337 ], [ 9.606316501896039, 41.071069335633268 ], [ 9.606055175109535, 41.070965992589642 ], [ 9.602703571878523, 41.071191881824326 ], [ 9.602336825387811, 41.071274871076994 ], [ 9.601192471753487, 41.071582615274195 ], [ 9.597348670078198, 41.074969341022751 ], [ 9.596763043903623, 41.076026309491638 ], [ 9.596794146714947, 41.076174779465624 ], [ 9.596837560544916, 41.076368226821131 ], [ 9.596911587864264, 41.076656098309229 ], [ 9.597176074587869, 41.076942983733431 ], [ 9.597427514587004, 41.077103825275053 ], [ 9.597664363206254, 41.076967476285994 ], [ 9.60057219359984, 41.076015526433245 ], [ 9.600643779308951, 41.076033169410998 ], [ 9.601852422764658, 41.076729485437113 ], [ 9.602056755613139, 41.076944609396229 ], [ 9.602250253804506, 41.077276893348142 ], [ 9.602239501182011, 41.077403061330195 ], [ 9.603899835859297, 41.079322079295459 ], [ 9.606825442423357, 41.081919020922975 ], [ 9.608660000793753, 41.082371003266147 ], [ 9.608945977840619, 41.082398768416951 ], [ 9.609098830499521, 41.082513938125047 ], [ 9.609518192701488, 41.082482444429886 ], [ 9.609632369573026, 41.08243792711324 ], [ 9.609889176611881, 41.082046973116121 ], [ 9.610051008304925, 41.081523653703663 ], [ 9.610022446070866, 41.079722210035662 ] ] ], [ [ [ 9.57947762624115, 41.092011357602992 ], [ 9.579176330655647, 41.091937431143776 ], [ 9.579038335854447, 41.091985416877606 ], [ 9.578762572913597, 41.092107283899601 ], [ 9.578564327741287, 41.092243399093618 ], [ 9.578530125429152, 41.092585873297573 ], [ 9.578669030824964, 41.092641475051316 ], [ 9.578906988593147, 41.09262113765417 ], [ 9.579319411619297, 41.092468182059065 ], [ 9.579555280670899, 41.092210268817631 ], [ 9.57947762624115, 41.092011357602992 ] ] ], [ [ [ 9.581120670841353, 41.093520923865547 ], [ 9.580819783068751, 41.093494291831057 ], [ 9.580550089464269, 41.093629644552003 ], [ 9.580233332781937, 41.093829414953923 ], [ 9.580212291060938, 41.094313698808655 ], [ 9.580283730747249, 41.094482237748394 ], [ 9.580356080839262, 41.094585465658831 ], [ 9.580688914044311, 41.094520732523854 ], [ 9.581092077258008, 41.094329533172591 ], [ 9.581226582678259, 41.094223012218933 ], [ 9.58132694393653, 41.094126794710505 ], [ 9.581469117684726, 41.093877232340851 ], [ 9.581120670841353, 41.093520923865547 ] ] ], [ [ [ 9.569896393510261, 41.115688116436786 ], [ 9.56965759028491, 41.115620612392604 ], [ 9.569403058748769, 41.115628626660168 ], [ 9.56917393809287, 41.115647774824723 ], [ 9.568796476088155, 41.115730710082332 ], [ 9.568665945882508, 41.115787655329861 ], [ 9.568478040547518, 41.115924825918057 ], [ 9.568355759958559, 41.116075186266627 ], [ 9.568282279301043, 41.1161870217963 ], [ 9.568217685302171, 41.116293183450374 ], [ 9.568043805620523, 41.117021431134354 ], [ 9.568052909864951, 41.117213931230239 ], [ 9.568169434969571, 41.117431798683903 ], [ 9.568261325499282, 41.117555204488049 ], [ 9.56878175361901, 41.117819495408867 ], [ 9.569300208573182, 41.117855218587991 ], [ 9.569349818390831, 41.117910148288303 ], [ 9.569480624674753, 41.117884728892655 ], [ 9.569734149966798, 41.117759616408051 ], [ 9.569878908547741, 41.117453756464101 ], [ 9.569911020939207, 41.117379282566077 ], [ 9.569998619061796, 41.117006146144938 ], [ 9.569913958756988, 41.115825400590602 ], [ 9.569896393510261, 41.115688116436786 ] ] ], [ [ [ 9.571039671699969, 41.117728380842991 ], [ 9.570559734232088, 41.117326527706524 ], [ 9.570470560501278, 41.117344985288021 ], [ 9.569995148839491, 41.117465567409376 ], [ 9.569904599181184, 41.117497543350893 ], [ 9.569702682126602, 41.117908402107965 ], [ 9.569670791974776, 41.118008773723595 ], [ 9.5696787718317, 41.118070663315379 ], [ 9.569739098385883, 41.118331594980781 ], [ 9.569838920916901, 41.118511259324343 ], [ 9.570394917523835, 41.119098526845256 ], [ 9.570773046668045, 41.119091024090586 ], [ 9.570944734285456, 41.118971944381293 ], [ 9.571033042739566, 41.11885327772135 ], [ 9.571106570430008, 41.118747070252688 ], [ 9.571154953748488, 41.11866012937741 ], [ 9.571203060042002, 41.118541661882986 ], [ 9.571178427545169, 41.118448326994859 ], [ 9.571078112312552, 41.118212366306125 ], [ 9.571039671699969, 41.117728380842991 ] ] ], [ [ [ 9.566546219535294, 41.122592323398258 ], [ 9.565561733850746, 41.122392230726341 ], [ 9.564458488510603, 41.122581178308849 ], [ 9.563927521095369, 41.123001520398823 ], [ 9.563873095558366, 41.123079480681824 ], [ 9.563928918716453, 41.123164782408317 ], [ 9.564306633268192, 41.123453439511366 ], [ 9.564560553546517, 41.123544525501799 ], [ 9.564709569205608, 41.123557307130177 ], [ 9.564822619342138, 41.123543240946567 ], [ 9.56532922653598, 41.123234486338056 ], [ 9.565328811043113, 41.123186071354056 ], [ 9.566770286725495, 41.123021349913571 ], [ 9.566881652697672, 41.122984770031117 ], [ 9.56686619767685, 41.122746136251109 ], [ 9.566546219535294, 41.122592323398258 ] ] ], [ [ [ 9.571024911285775, 41.125988714739471 ], [ 9.570920542568107, 41.125973468049636 ], [ 9.570733263216514, 41.126013805926533 ], [ 9.569213170438738, 41.126392903158148 ], [ 9.569069801558713, 41.126517470273676 ], [ 9.569095894114009, 41.126607420277772 ], [ 9.569235690564271, 41.126931014162373 ], [ 9.569489195306675, 41.127488252348471 ], [ 9.569844430149708, 41.12792675705122 ], [ 9.570094452520522, 41.128080906756871 ], [ 9.570197260881258, 41.128087153930593 ], [ 9.571028459752856, 41.128115689887707 ], [ 9.571432066483338, 41.128120444579295 ], [ 9.571534636951865, 41.128099667808513 ], [ 9.571652816742192, 41.127989860619472 ], [ 9.571806705703956, 41.126847344702824 ], [ 9.571805865083595, 41.126750514003454 ], [ 9.571683952164202, 41.126601362300534 ], [ 9.571257422668278, 41.126184609781312 ], [ 9.571120893563993, 41.126067057871317 ], [ 9.571024911285775, 41.125988714739471 ] ] ], [ [ [ 9.56657983729786, 41.124769822182856 ], [ 9.564910325278699, 41.124220656364635 ], [ 9.564189870392957, 41.124424612759093 ], [ 9.563925877245575, 41.124548638197339 ], [ 9.563794877134699, 41.124727186153436 ], [ 9.563634480861436, 41.124950916797474 ], [ 9.56353326733862, 41.125130443808182 ], [ 9.563490216505816, 41.125319821132514 ], [ 9.563521613405344, 41.125508833394186 ], [ 9.564624789269894, 41.127042658959574 ], [ 9.566046591827853, 41.127871165468164 ], [ 9.566402247314626, 41.12801467014949 ], [ 9.568435032005901, 41.128714030613104 ], [ 9.568579349682125, 41.128698680458989 ], [ 9.568578465150829, 41.128596219990861 ], [ 9.568477957660566, 41.12851114022267 ], [ 9.569135569125461, 41.128096907922647 ], [ 9.569386888065331, 41.127711703704392 ], [ 9.569412978956009, 41.127629377848557 ], [ 9.569385106822729, 41.127505656810577 ], [ 9.569327819165977, 41.127252592346778 ], [ 9.569107572027898, 41.126924892063684 ], [ 9.56657983729786, 41.124769822182856 ] ] ], [ [ [ 9.567206051245346, 41.130049881596371 ], [ 9.567009192932602, 41.13001706987869 ], [ 9.566525368488421, 41.130209741873344 ], [ 9.566445711589081, 41.130297962229676 ], [ 9.56640155842077, 41.130358981350184 ], [ 9.566294546134731, 41.130556555079565 ], [ 9.566259453544831, 41.130632169363174 ], [ 9.56609418011373, 41.131155439604292 ], [ 9.566086880677622, 41.131345768005495 ], [ 9.566123908461574, 41.131495341794725 ], [ 9.566288593184087, 41.131942676295999 ], [ 9.56660508848622, 41.132205726531481 ], [ 9.566705505948082, 41.132279548353182 ], [ 9.566768350664258, 41.132314144170266 ], [ 9.567326476015614, 41.132446515575005 ], [ 9.567487775324429, 41.132499768932654 ], [ 9.567541151681185, 41.1324724820687 ], [ 9.567613600164448, 41.132411322218516 ], [ 9.567816942587706, 41.132159224731382 ], [ 9.567990803387131, 41.131424223338399 ], [ 9.56794203007799, 41.130949296838558 ], [ 9.567841033177018, 41.130807920033199 ], [ 9.567486801093317, 41.130313104594777 ], [ 9.567206051245346, 41.130049881596371 ] ] ], [ [ [ 9.503869534307047, 41.153734459386733 ], [ 9.50389102635906, 41.153622892883035 ], [ 9.503911915974559, 41.153432509437138 ], [ 9.503889113508251, 41.15337293241199 ], [ 9.503610849145174, 41.15283029784932 ], [ 9.503302854014009, 41.152685266575403 ], [ 9.502457549323458, 41.152602257156907 ], [ 9.501681430574241, 41.152605639072661 ], [ 9.500475993601329, 41.152964442203888 ], [ 9.500146929960993, 41.153182060506516 ], [ 9.5000231717255, 41.153363881026394 ], [ 9.50004656106676, 41.153501149858172 ], [ 9.500093597560911, 41.15361354415348 ], [ 9.500356827923714, 41.153749771396186 ], [ 9.500470047002366, 41.153749279541017 ], [ 9.500653217666825, 41.153740601603729 ], [ 9.50075594021677, 41.153731147137563 ], [ 9.501088496520897, 41.153971787832617 ], [ 9.501327173136353, 41.154013537073745 ], [ 9.501726286720174, 41.153994909446219 ], [ 9.503710800397341, 41.153821854248129 ], [ 9.503869534307047, 41.153734459386733 ] ] ], [ [ [ 9.519280135905618, 41.163634352338342 ], [ 9.519043584711911, 41.163490167425458 ], [ 9.518665970496407, 41.163596584735693 ], [ 9.518164178902692, 41.163827417666411 ], [ 9.517627035203066, 41.164110202890711 ], [ 9.517617562506105, 41.164231851638199 ], [ 9.517687764634196, 41.164254055066742 ], [ 9.517688260868201, 41.164317108357523 ], [ 9.517978895148737, 41.164328187648522 ], [ 9.518121842324094, 41.164316284812465 ], [ 9.51820072715168, 41.164305796019853 ], [ 9.518319637566112, 41.164269229263873 ], [ 9.518491972773226, 41.164205399014648 ], [ 9.518664307636735, 41.164141567608077 ], [ 9.518769665969783, 41.164087046448145 ], [ 9.518961085179658, 41.163987096915186 ], [ 9.519119156582773, 41.16381523570859 ], [ 9.519280135905618, 41.163634352338342 ] ] ], [ [ [ 9.523047730280485, 41.1618799137919 ], [ 9.522392130692566, 41.161876133023668 ], [ 9.520831137352795, 41.162497988969008 ], [ 9.520454236697596, 41.16269336136525 ], [ 9.519862607036794, 41.163055221737963 ], [ 9.52041714469075, 41.163277914112342 ], [ 9.520398932494393, 41.163424374398794 ], [ 9.520317788242235, 41.163526079317101 ], [ 9.519861560217628, 41.1640539737501 ], [ 9.519320911062071, 41.164458387944819 ], [ 9.518141415921484, 41.16528792008112 ], [ 9.516664043102359, 41.166137917560171 ], [ 9.516593498908691, 41.166262092093312 ], [ 9.516667333214649, 41.166556767877289 ], [ 9.516708350309429, 41.166656796181407 ], [ 9.517642577775623, 41.167032057683535 ], [ 9.517991901791287, 41.167114935661843 ], [ 9.518328278519562, 41.167067257702584 ], [ 9.523954839373658, 41.166523847185175 ], [ 9.524394006642314, 41.166474557892556 ], [ 9.524792954855307, 41.166426575269149 ], [ 9.5254451106006, 41.166180389843269 ], [ 9.527406507305429, 41.164386743273461 ], [ 9.527993849089039, 41.163494525631485 ], [ 9.526066967917064, 41.161959620407366 ], [ 9.524561758398896, 41.161912437517309 ], [ 9.523047730280485, 41.1618799137919 ] ] ], [ [ [ 9.459605730362854, 41.173930572914678 ], [ 9.459383277385117, 41.17387178375143 ], [ 9.459096092856921, 41.173932605426451 ], [ 9.459017532521822, 41.1739925960538 ], [ 9.45893000960068, 41.17447711728154 ], [ 9.459010295444569, 41.174663710021314 ], [ 9.459284974748767, 41.174732426465923 ], [ 9.459402077367697, 41.174643006179814 ], [ 9.459530754977797, 41.174503998701567 ], [ 9.45956940045024, 41.174276394368782 ], [ 9.459541538489631, 41.174127876547303 ], [ 9.459645230475166, 41.174038509511469 ], [ 9.459605730362854, 41.173930572914678 ] ] ], [ [ [ 9.461537465274603, 41.172718047063171 ], [ 9.461133307344063, 41.172672375135882 ], [ 9.459117886880399, 41.1727851427232 ], [ 9.458979697135222, 41.172841993035483 ], [ 9.459006229763633, 41.173014162138514 ], [ 9.459108200443049, 41.17331889749812 ], [ 9.45976579650867, 41.173592139508166 ], [ 9.459956117657859, 41.173744513502847 ], [ 9.460033642126994, 41.173962644322216 ], [ 9.459870196446778, 41.174030855572809 ], [ 9.459660336958644, 41.174707283256751 ], [ 9.459635672674054, 41.174803089996658 ], [ 9.459942848992254, 41.175469570805404 ], [ 9.460082965728786, 41.175687453357369 ], [ 9.460196559702217, 41.175735415336845 ], [ 9.460918398218393, 41.176027536653699 ], [ 9.461145105837122, 41.176054778052354 ], [ 9.461258237586135, 41.176036309196363 ], [ 9.461409030197903, 41.175863430472582 ], [ 9.461594920817323, 41.175595827688348 ], [ 9.461770380871409, 41.175328266412102 ], [ 9.461856026543977, 41.175003640420641 ], [ 9.462044612347606, 41.173211446197975 ], [ 9.462044074381684, 41.173134881869927 ], [ 9.461803043560272, 41.172764274179471 ], [ 9.461537465274603, 41.172718047063171 ] ] ], [ [ [ 9.487898398379967, 41.18352127828026 ], [ 9.48760764178718, 41.183504493802545 ], [ 9.487540760521322, 41.183529548681825 ], [ 9.487503634461218, 41.183547721648523 ], [ 9.48733732166346, 41.183630621745436 ], [ 9.487229859762508, 41.183811233641578 ], [ 9.487216341170059, 41.183998203092663 ], [ 9.487264565665861, 41.184070062331031 ], [ 9.487527443721293, 41.18414551617343 ], [ 9.48757520932009, 41.184155447866601 ], [ 9.487880427010552, 41.184312918794909 ], [ 9.487966201781592, 41.184222476355579 ], [ 9.48806903228356, 41.184020490536703 ], [ 9.48813433715959, 41.183782632042302 ], [ 9.488146705522261, 41.183641831977639 ], [ 9.487993884601122, 41.183534385602435 ], [ 9.487898398379967, 41.18352127828026 ] ] ], [ [ [ 9.486489119490933, 41.180388007376706 ], [ 9.486365372121801, 41.180381774073155 ], [ 9.484148579775672, 41.181913439220708 ], [ 9.483951997726027, 41.182338760467466 ], [ 9.483587203633951, 41.183197162873391 ], [ 9.483673845349079, 41.183426499813095 ], [ 9.483974717224944, 41.18421004353258 ], [ 9.484099638407951, 41.184375037011229 ], [ 9.484416285775584, 41.184668712761223 ], [ 9.48472867883803, 41.18478900424418 ], [ 9.484880417657143, 41.184750081920782 ], [ 9.484829177635783, 41.184673731331713 ], [ 9.486837118114684, 41.183507753373846 ], [ 9.487541153209358, 41.18217611960754 ], [ 9.487568192274217, 41.182003729777982 ], [ 9.487462216901612, 41.181781234389291 ], [ 9.486776006820866, 41.180488133345882 ], [ 9.486489119490933, 41.180388007376706 ] ] ], [ [ [ 9.397119668858169, 41.195849372148636 ], [ 9.396054844337385, 41.195773094690708 ], [ 9.395874832459373, 41.195833390055228 ], [ 9.395640195765459, 41.196229415379257 ], [ 9.395596295240761, 41.196365809805968 ], [ 9.395562802316572, 41.196497664515725 ], [ 9.395548833114445, 41.196653097000798 ], [ 9.39557468850621, 41.196986298751035 ], [ 9.395758844950318, 41.197118530807209 ], [ 9.396238385639993, 41.197286905151934 ], [ 9.397081070687065, 41.197109475595802 ], [ 9.397172717771433, 41.19698079788531 ], [ 9.397466934073263, 41.196331219355443 ], [ 9.397464196952024, 41.196125174841221 ], [ 9.397310963055673, 41.195929782597233 ], [ 9.397119668858169, 41.195849372148636 ] ] ], [ [ [ 9.443307409300402, 41.201341134536847 ], [ 9.443226437492781, 41.20127163507059 ], [ 9.442885205243423, 41.201296593545884 ], [ 9.442785541790025, 41.201329630366438 ], [ 9.442699425617668, 41.201381755884313 ], [ 9.442588118584503, 41.201456498769382 ], [ 9.441866743666587, 41.202149492724793 ], [ 9.441824269592402, 41.202262253356992 ], [ 9.441811511018457, 41.202360262161605 ], [ 9.441837680483811, 41.202482893304044 ], [ 9.441912817790302, 41.202571557877214 ], [ 9.442013363595045, 41.202669131866102 ], [ 9.442254275684059, 41.2025792540975 ], [ 9.442391081894765, 41.202526934211548 ], [ 9.442471337475267, 41.20248946836265 ], [ 9.442502073604389, 41.202404902241781 ], [ 9.442464676456252, 41.202385904172182 ], [ 9.442631526144901, 41.202367247237788 ], [ 9.443185732590814, 41.201646742312022 ], [ 9.443270777479727, 41.201435857451997 ], [ 9.443307409300402, 41.201341134536847 ] ] ], [ [ [ 9.410037448154593, 41.186426942624834 ], [ 9.409648390416038, 41.186420445161986 ], [ 9.396849546108818, 41.190369033210104 ], [ 9.396765224367041, 41.190475165787959 ], [ 9.396752577424587, 41.190602445200518 ], [ 9.39676905834231, 41.191110205784526 ], [ 9.396818878359227, 41.192448824738968 ], [ 9.39808353970299, 41.197716295595093 ], [ 9.398182757756707, 41.197853322166253 ], [ 9.398928799442603, 41.198454265081473 ], [ 9.4035198806108, 41.200076568970616 ], [ 9.405148979231738, 41.200504350710318 ], [ 9.407062852696335, 41.20141414779733 ], [ 9.407936331580832, 41.201870455978565 ], [ 9.409496148076791, 41.203369226223579 ], [ 9.413523751661527, 41.207277739018153 ], [ 9.416252046180562, 41.207957007463669 ], [ 9.416421122612137, 41.208050978060655 ], [ 9.416563247996566, 41.208127031037513 ], [ 9.416897449170412, 41.208161852297778 ], [ 9.41723136458207, 41.208151635120885 ], [ 9.419267588937087, 41.20761277939112 ], [ 9.419550987736573, 41.207518320235032 ], [ 9.419705241182349, 41.207407489085845 ], [ 9.419904016093996, 41.207249128358207 ], [ 9.420301214814959, 41.206878360753663 ], [ 9.420351386415064, 41.206797106694495 ], [ 9.420980671831913, 41.204723025395886 ], [ 9.422475498005607, 41.193525412549569 ], [ 9.420689627746336, 41.190721535693754 ], [ 9.420548246668609, 41.190523881677159 ], [ 9.419123945706346, 41.188763557771459 ], [ 9.418767742136966, 41.188535157170811 ], [ 9.417753747307753, 41.188073544964809 ], [ 9.414742194430749, 41.18725570746944 ], [ 9.410238765569073, 41.186443115561765 ], [ 9.410037448154593, 41.186426942624834 ] ] ], [ [ [ 9.447053509463743, 41.208080261214 ], [ 9.446627104921285, 41.207973259115029 ], [ 9.446104575004931, 41.20798147736091 ], [ 9.44601528501545, 41.208006593971511 ], [ 9.445979746859223, 41.208042763108956 ], [ 9.445915691570052, 41.208270458223318 ], [ 9.445920523741773, 41.208323360782863 ], [ 9.446808189514362, 41.208620555326455 ], [ 9.446874579288894, 41.208516708059896 ], [ 9.447045636692653, 41.208237927801157 ], [ 9.447067400829797, 41.208150017424515 ], [ 9.447053509463743, 41.208080261214 ] ] ], [ [ [ 9.417222586502481, 41.210055692955606 ], [ 9.417173385792559, 41.210055871197767 ], [ 9.415168905708136, 41.213272147260589 ], [ 9.415153598917426, 41.213445602192735 ], [ 9.415319190370274, 41.213693845780853 ], [ 9.416311479097089, 41.214274643983728 ], [ 9.416938296566878, 41.214595530916569 ], [ 9.417401813442961, 41.215029604802652 ], [ 9.417731820400174, 41.215102722208442 ], [ 9.418158340581183, 41.214877105268599 ], [ 9.418321651581877, 41.214765040651493 ], [ 9.418873831448927, 41.213668585281027 ], [ 9.418905924204386, 41.213556997030651 ], [ 9.418949955854233, 41.212511931724947 ], [ 9.418858921775429, 41.211331114342755 ], [ 9.418378861382875, 41.210872334469933 ], [ 9.417222586502481, 41.210055692955606 ] ] ], [ [ [ 9.518698270540355, 41.216792137302576 ], [ 9.518695922286968, 41.216494890634934 ], [ 9.518172259824182, 41.216650380723991 ], [ 9.518265596317432, 41.216762557918159 ], [ 9.518389041519274, 41.216910630897807 ], [ 9.518583810111117, 41.216837691159391 ], [ 9.518698270540355, 41.216792137302576 ] ] ], [ [ [ 9.517867364305161, 41.217318327732983 ], [ 9.517268069519451, 41.216960709996961 ], [ 9.51663469754064, 41.216819429503033 ], [ 9.516561489621685, 41.216990905266009 ], [ 9.516494171466739, 41.217153347612637 ], [ 9.516637033777927, 41.217305839298682 ], [ 9.516722739211776, 41.217395532346352 ], [ 9.516996468577313, 41.217313233107504 ], [ 9.517663432597308, 41.217553446925116 ], [ 9.517867364305161, 41.217318327732983 ] ] ], [ [ [ 9.519014579156339, 41.218889524476054 ], [ 9.518808223031247, 41.218629228611434 ], [ 9.518273394214425, 41.21888385484511 ], [ 9.51838374762243, 41.219261684964636 ], [ 9.51887242732492, 41.219205436993775 ], [ 9.518943646018531, 41.219160077740156 ], [ 9.519100464383023, 41.219001734527133 ], [ 9.519014579156339, 41.218889524476054 ] ] ], [ [ [ 9.519209868216615, 41.219636289911371 ], [ 9.519217950970461, 41.21914983341285 ], [ 9.518754554483985, 41.219386124068627 ], [ 9.518517886783753, 41.21963040000638 ], [ 9.518739222354837, 41.219710472867405 ], [ 9.518936629218663, 41.219781645292187 ], [ 9.519209868216615, 41.219636289911371 ] ] ], [ [ [ 9.448581260082113, 41.22197560244355 ], [ 9.448782304068693, 41.221934283759154 ], [ 9.448943675356807, 41.221979819995212 ], [ 9.44910531646711, 41.222064763411872 ], [ 9.449179048842252, 41.222161309355151 ], [ 9.449240984623911, 41.222277042959767 ], [ 9.449321959228206, 41.22234203396782 ], [ 9.449402557482699, 41.222351853285559 ], [ 9.449703206580145, 41.222265104963206 ], [ 9.449936608743371, 41.222158351857388 ], [ 9.450156165272707, 41.221989725210634 ], [ 9.450270126693519, 41.221863169705919 ], [ 9.450221366135388, 41.22171135372087 ], [ 9.450052470340053, 41.221438402158455 ], [ 9.449992162920374, 41.221342930284379 ], [ 9.449884339857844, 41.221276919549261 ], [ 9.449750166998317, 41.221283072665983 ], [ 9.449757132434652, 41.221429422201012 ], [ 9.448668135518323, 41.221813123514274 ], [ 9.448507049458751, 41.221809247105398 ], [ 9.448008843263949, 41.221573606102169 ], [ 9.44787642734596, 41.221619160465998 ], [ 9.447783377776789, 41.221751261305243 ], [ 9.447496976513667, 41.222177992146747 ], [ 9.44732595429304, 41.2224669061426 ], [ 9.447239175587246, 41.222644020530858 ], [ 9.447207372214093, 41.222791646739644 ], [ 9.447214334558943, 41.222937996408866 ], [ 9.447308352465537, 41.222947765073044 ], [ 9.447428424342858, 41.22284145722697 ], [ 9.448435778533831, 41.222073002603651 ], [ 9.448581260082113, 41.22197560244355 ] ] ], [ [ [ 9.455514956767679, 41.226584011927571 ], [ 9.455487690159346, 41.226523317727398 ], [ 9.455638692441156, 41.226576766504266 ], [ 9.455797618911916, 41.226482682045166 ], [ 9.455887588644259, 41.225479085083407 ], [ 9.455788846296592, 41.22521937616586 ], [ 9.455725045240813, 41.225051858415497 ], [ 9.455565473498478, 41.225052489824314 ], [ 9.455371931487694, 41.225100546555524 ], [ 9.454878387333778, 41.225329943588264 ], [ 9.454407019398415, 41.226393596498355 ], [ 9.45439890526106, 41.226514107558302 ], [ 9.455382313093313, 41.226596922349763 ], [ 9.455514956767679, 41.226584011927571 ] ] ], [ [ [ 9.33748218001986, 41.227985799908922 ], [ 9.337349317166677, 41.227961417604533 ], [ 9.337236334669571, 41.228032684545084 ], [ 9.337229369298724, 41.228128412561063 ], [ 9.337225764008345, 41.228587821281316 ], [ 9.337265114206035, 41.228699177398113 ], [ 9.337636325437703, 41.229247564464607 ], [ 9.337757473777424, 41.229313641236217 ], [ 9.337857555309805, 41.22934374915917 ], [ 9.338037677958386, 41.229276788476035 ], [ 9.338064083317184, 41.229191136300599 ], [ 9.338069347327755, 41.229054878783707 ], [ 9.338013782124436, 41.228691352290561 ], [ 9.337986054841746, 41.228520285245807 ], [ 9.337958718556804, 41.228424657868707 ], [ 9.338005166331282, 41.228176807188994 ], [ 9.337957104363182, 41.228111643069646 ], [ 9.33748218001986, 41.227985799908922 ] ] ], [ [ [ 9.455476805637545, 41.228178539596875 ], [ 9.455305060700752, 41.228145439391753 ], [ 9.455169484484902, 41.228166243027275 ], [ 9.455043332819688, 41.228255693164051 ], [ 9.454657786487003, 41.228576992715908 ], [ 9.454576560663011, 41.228693288471206 ], [ 9.454595073805276, 41.228782166929506 ], [ 9.454633544876012, 41.228953163147779 ], [ 9.454724870260309, 41.229218531176812 ], [ 9.454825554206485, 41.229327352712922 ], [ 9.454987783576296, 41.229278295568925 ], [ 9.455229274552616, 41.229045390999055 ], [ 9.455576138487372, 41.228307633487681 ], [ 9.455476805637545, 41.228178539596875 ] ] ], [ [ [ 9.357608798994448, 41.245446303950885 ], [ 9.357686536691437, 41.245202852853367 ], [ 9.357671262468754, 41.245137594425749 ], [ 9.357562768096987, 41.244938634925383 ], [ 9.357483375947901, 41.244879204556611 ], [ 9.357118329927594, 41.24496140691835 ], [ 9.356890935064188, 41.245118622136189 ], [ 9.356848058476903, 41.245189690797368 ], [ 9.35684876292391, 41.245319175286483 ], [ 9.356877726146081, 41.245432808485688 ], [ 9.3569851909573, 41.245442609164336 ], [ 9.357092431385523, 41.245410750121557 ], [ 9.35719240525437, 41.245414943944006 ], [ 9.357243569758277, 41.245495854787912 ], [ 9.357330417956931, 41.245555261275705 ], [ 9.357494694942082, 41.245587404731303 ], [ 9.357566100978566, 41.245550025706343 ], [ 9.357544889013289, 41.245490415599122 ], [ 9.357608798994448, 41.245446303950885 ] ] ], [ [ [ 9.471276884872344, 41.245594513516949 ], [ 9.471404562770315, 41.243224953474801 ], [ 9.47340845174978, 41.239977319255217 ], [ 9.47380733683028, 41.239440842738162 ], [ 9.474434272486759, 41.239293011021047 ], [ 9.481668009796449, 41.236115893321148 ], [ 9.482363372828379, 41.224586418694599 ], [ 9.482544716651752, 41.224504588318581 ], [ 9.487398315807935, 41.222193919502274 ], [ 9.488614470794165, 41.220891645400378 ], [ 9.488687497497631, 41.220685282770766 ], [ 9.488700665697852, 41.220250600852083 ], [ 9.488683164342296, 41.22010317338318 ], [ 9.488311448942403, 41.218847038038255 ], [ 9.487095397106698, 41.215938169818081 ], [ 9.486169523389929, 41.215553621262217 ], [ 9.485972697590483, 41.21555445205415 ], [ 9.485837090754396, 41.215566284070178 ], [ 9.485625943822855, 41.215647118523712 ], [ 9.485535837398013, 41.215762348657748 ], [ 9.480342108766051, 41.210864748122638 ], [ 9.478828029497098, 41.199524595448061 ], [ 9.474764843399873, 41.196319996177905 ], [ 9.469512538770392, 41.192700115587456 ], [ 9.464770333003228, 41.189466398169294 ], [ 9.464524992077877, 41.188919036420501 ], [ 9.46379399780063, 41.184394417659526 ], [ 9.464031714237711, 41.183865375001858 ], [ 9.464299186080089, 41.183540014957572 ], [ 9.464619811125843, 41.183355186683777 ], [ 9.465048178880682, 41.183231851914876 ], [ 9.46690148187418, 41.18312301565188 ], [ 9.467411477086364, 41.18316148266458 ], [ 9.468249729203334, 41.183878705176951 ], [ 9.468522772434484, 41.184547552636069 ], [ 9.468552641725058, 41.184974177195137 ], [ 9.468716504702142, 41.185379989589244 ], [ 9.469849687438693, 41.186065597787618 ], [ 9.473187386261907, 41.186965102345653 ], [ 9.479717431399294, 41.187191432891154 ], [ 9.480039074775805, 41.187149558058714 ], [ 9.480278602144395, 41.186885080088175 ], [ 9.480679245357168, 41.186436395054685 ], [ 9.481077060032181, 41.185805311244948 ], [ 9.481712599242027, 41.184666540842947 ], [ 9.481700096542772, 41.182960734098231 ], [ 9.481671935644146, 41.182778442611152 ], [ 9.481292051965642, 41.182191143093753 ], [ 9.480399428407361, 41.181392045960351 ], [ 9.480210464817407, 41.181230692466272 ], [ 9.469081247874673, 41.180308215125827 ], [ 9.455354077977129, 41.186181247194845 ], [ 9.455513094870767, 41.186329247975522 ], [ 9.455764324204425, 41.186663795952768 ], [ 9.455974988866931, 41.186951212451483 ], [ 9.456055286141924, 41.187138933683784 ], [ 9.456097710770534, 41.187667975698318 ], [ 9.45608661508059, 41.18778737349465 ], [ 9.455079588835707, 41.190452046858141 ], [ 9.453534617742017, 41.192290109578728 ], [ 9.453342837379738, 41.192364052929065 ], [ 9.453149063699257, 41.192364815520818 ], [ 9.449196526158367, 41.191798168418636 ], [ 9.447456712946945, 41.190882764317607 ], [ 9.443260841270325, 41.185378310519411 ], [ 9.443646863478053, 41.185376824207736 ], [ 9.444834236225992, 41.185299055040488 ], [ 9.444993216193488, 41.18522525251737 ], [ 9.445025517865455, 41.185153065314019 ], [ 9.444552041990269, 41.184123495012948 ], [ 9.444340675162174, 41.183723462087755 ], [ 9.441790480652514, 41.181494822352995 ], [ 9.441645509407104, 41.181434574895853 ], [ 9.437321624218589, 41.180716934764085 ], [ 9.437065133245458, 41.180694262584055 ], [ 9.436601439078952, 41.180889689748035 ], [ 9.436521602632478, 41.180986827500547 ], [ 9.436441851747404, 41.18109634986105 ], [ 9.435889812451149, 41.182579105346051 ], [ 9.435873978246569, 41.182663614497592 ], [ 9.435845661328688, 41.183112987919706 ], [ 9.436449625633252, 41.187205891919163 ], [ 9.436112460505868, 41.187158752509525 ], [ 9.434240599769391, 41.188093632827169 ], [ 9.433938145626509, 41.188337984539153 ], [ 9.433714357089494, 41.188532497540308 ], [ 9.433478823983974, 41.189431914984411 ], [ 9.433528754238335, 41.189770646844643 ], [ 9.43357946483477, 41.190001281750646 ], [ 9.434646978190266, 41.191168276647154 ], [ 9.435161736583559, 41.191469221792445 ], [ 9.435657742234929, 41.191189229368092 ], [ 9.436296144518058, 41.190579909628667 ], [ 9.437287792539189, 41.189969245614634 ], [ 9.43762351838515, 41.189797947096245 ], [ 9.437720082165976, 41.189749163540583 ], [ 9.438777061610313, 41.189551472437046 ], [ 9.438857551607228, 41.189551165758857 ], [ 9.440031887201897, 41.189740354052894 ], [ 9.443503963611942, 41.190484819653292 ], [ 9.443585359086718, 41.190618497851837 ], [ 9.443586749874328, 41.190824546488422 ], [ 9.442643498661081, 41.191531912650028 ], [ 9.442324171222413, 41.19170316276707 ], [ 9.442069756498936, 41.191995767726247 ], [ 9.441083980034607, 41.193479084243073 ], [ 9.44072664265261, 41.195319175986569 ], [ 9.440696479009894, 41.195489313663359 ], [ 9.440729165109195, 41.195695244215109 ], [ 9.44117194994184, 41.197034587580056 ], [ 9.441301533114167, 41.197240144883651 ], [ 9.441558835236695, 41.197373150171671 ], [ 9.441817125821386, 41.197431836869008 ], [ 9.442057130379366, 41.197430915883238 ], [ 9.442155820055749, 41.197697394963633 ], [ 9.442548190089191, 41.198848888146379 ], [ 9.443450576999627, 41.201569156675419 ], [ 9.443377772861055, 41.202710051525138 ], [ 9.443540301892037, 41.2029346209953 ], [ 9.44467871412094, 41.202844656903146 ], [ 9.444808170302615, 41.202808125427154 ], [ 9.447828261152191, 41.200782047937103 ], [ 9.447955638415035, 41.200659946972159 ], [ 9.448067860462899, 41.20050187327876 ], [ 9.448162278340426, 41.200356254603946 ], [ 9.44829147769685, 41.200282563567363 ], [ 9.44870736072787, 41.200056874538987 ], [ 9.451393831378159, 41.199413576522829 ], [ 9.45169315207311, 41.199366237510709 ], [ 9.453863376369826, 41.199314918616707 ], [ 9.454198793138705, 41.199313596263437 ], [ 9.45439572032261, 41.199334212273072 ], [ 9.454995924635675, 41.199465833987539 ], [ 9.456356333174849, 41.200012179851505 ], [ 9.456457575784905, 41.200207699258314 ], [ 9.456459468977023, 41.200480177617493 ], [ 9.455348184114943, 41.205335285632103 ], [ 9.455271023528624, 41.205388511083719 ], [ 9.454361118756701, 41.205970857199837 ], [ 9.454298625436099, 41.205989118599497 ], [ 9.451406084749308, 41.205752778982458 ], [ 9.448097471816999, 41.212491153941187 ], [ 9.447556998366727, 41.215451191424371 ], [ 9.450632344159406, 41.216407535252564 ], [ 9.451786181983628, 41.217876914716818 ], [ 9.45176825541364, 41.221772853409426 ], [ 9.451615517599068, 41.221898435594142 ], [ 9.450519530124703, 41.222567053347269 ], [ 9.448545638814636, 41.223310019516049 ], [ 9.448703730717961, 41.22396584537357 ], [ 9.448859436627338, 41.224272628746327 ], [ 9.450086143562908, 41.225044762191786 ], [ 9.450504912084385, 41.225217649892912 ], [ 9.451868054036286, 41.22500513014581 ], [ 9.452054182870839, 41.224962738308186 ], [ 9.452427874438373, 41.224870067129579 ], [ 9.453042639748256, 41.224701005801442 ], [ 9.454403086407824, 41.22431731841624 ], [ 9.454666469234281, 41.224232957074818 ], [ 9.454874450011648, 41.224116160537378 ], [ 9.455367428134752, 41.223806821954902 ], [ 9.458603181192462, 41.228224680886932 ], [ 9.460451814267858, 41.234920209933414 ], [ 9.460215210312251, 41.23797703856895 ], [ 9.459460023836584, 41.24260441076931 ], [ 9.463541283389299, 41.244052938452057 ], [ 9.469071924778977, 41.243295281749887 ], [ 9.471276884872344, 41.245594513516949 ] ] ], [ [ [ 9.356859076646792, 41.245843845854687 ], [ 9.356779540625267, 41.245757392865933 ], [ 9.356728878625589, 41.245768809623726 ], [ 9.356665320303039, 41.245877099582536 ], [ 9.356603141670126, 41.246239854623532 ], [ 9.356639534658868, 41.246347834960332 ], [ 9.356611892546585, 41.246477407222024 ], [ 9.356625969250802, 41.246596716459607 ], [ 9.356756081870349, 41.246655989358601 ], [ 9.356920036598845, 41.24662845775719 ], [ 9.357256511520145, 41.246502431524306 ], [ 9.357299271972265, 41.246409969492639 ], [ 9.357291315964639, 41.246318790809106 ], [ 9.357240058763781, 41.24622099060575 ], [ 9.357047116737373, 41.246130385690968 ], [ 9.356909281089113, 41.246022719067604 ], [ 9.356908717422606, 41.245919131670064 ], [ 9.356859076646792, 41.245843845854687 ] ] ], [ [ [ 9.397297451919432, 41.249136610147907 ], [ 9.397193018095429, 41.249136970454728 ], [ 9.397128038463368, 41.24924641440424 ], [ 9.397089105879184, 41.249469490403754 ], [ 9.397089583095557, 41.249548306273404 ], [ 9.397117038536823, 41.249647296689773 ], [ 9.397317447887666, 41.250220849218017 ], [ 9.397547773227453, 41.250314636280898 ], [ 9.397750912358816, 41.25035334301581 ], [ 9.397862832660774, 41.25035746024065 ], [ 9.397895026461972, 41.250253759989072 ], [ 9.397809238114856, 41.250130199826529 ], [ 9.397998557687101, 41.250104774070437 ], [ 9.398071121684421, 41.250015571916947 ], [ 9.398187805886497, 41.249821502157737 ], [ 9.39825269900633, 41.249697421117212 ], [ 9.398040809309997, 41.249445936694372 ], [ 9.397711302832926, 41.249234267404233 ], [ 9.397566378436895, 41.249199862602993 ], [ 9.397297451919432, 41.249136610147907 ] ] ], [ [ [ 9.325243720638275, 41.249100342710335 ], [ 9.322338783994873, 41.248153689878073 ], [ 9.321156092433638, 41.250363895819042 ], [ 9.321146803578825, 41.25090438775451 ], [ 9.321482410425622, 41.251191698941035 ], [ 9.323665956161163, 41.252563768857456 ], [ 9.324132632128059, 41.25249940127906 ], [ 9.324436773872094, 41.252453505557149 ], [ 9.325334283936849, 41.2505143059388 ], [ 9.325368434522293, 41.250180921637806 ], [ 9.325393546240779, 41.249829548097324 ], [ 9.325364367843186, 41.24936122708516 ], [ 9.325301017413617, 41.249221785637822 ], [ 9.325243720638275, 41.249100342710335 ] ] ], [ [ [ 9.343801033354191, 41.250974086896591 ], [ 9.347240618217498, 41.250809507035385 ], [ 9.349172953734184, 41.251138075988251 ], [ 9.349985384890596, 41.25128874142689 ], [ 9.350081351851554, 41.251378527004491 ], [ 9.350261780323383, 41.251639203314568 ], [ 9.350238438157332, 41.251738359461406 ], [ 9.350179191386818, 41.251819609162496 ], [ 9.354447073447165, 41.248936453794649 ], [ 9.356406668191262, 41.246597395485651 ], [ 9.356277353677383, 41.245311938744081 ], [ 9.357678684201321, 41.244309983121326 ], [ 9.358046622537609, 41.244484490505641 ], [ 9.358206544768413, 41.244539166075484 ], [ 9.36002830824642, 41.244043686935022 ], [ 9.360101153488184, 41.243997293998056 ], [ 9.3601797519768, 41.243912600629507 ], [ 9.360629938328403, 41.242494720452768 ], [ 9.360615794574855, 41.242364152041873 ], [ 9.360396405704323, 41.241802979683214 ], [ 9.360295094030882, 41.241554457062634 ], [ 9.360094727677399, 41.241468383420859 ], [ 9.359579423185261, 41.241620874155529 ], [ 9.358572499475418, 41.237255245136843 ], [ 9.358453068584581, 41.236963989850125 ], [ 9.358409368628656, 41.236883056184858 ], [ 9.358139660174327, 41.236387341546298 ], [ 9.358063233990952, 41.236322273252455 ], [ 9.35247058894914, 41.231778212951006 ], [ 9.347671203905094, 41.229306655481764 ], [ 9.345667661994495, 41.228927604051748 ], [ 9.340692851828624, 41.229634903958434 ], [ 9.338716451327304, 41.23075207075653 ], [ 9.335696053507522, 41.232479151452587 ], [ 9.33559948097545, 41.232552620861895 ], [ 9.332863219659206, 41.235633343973298 ], [ 9.333052599684329, 41.247375552651782 ], [ 9.333101892406347, 41.247681674498772 ], [ 9.333164180204337, 41.247902184322712 ], [ 9.333211230458028, 41.24805968519518 ], [ 9.33611703210024, 41.251474186477807 ], [ 9.336969410842169, 41.25243552402425 ], [ 9.338955212830198, 41.253294439758065 ], [ 9.339684447960794, 41.25351298046634 ], [ 9.340737034252987, 41.251640761685564 ], [ 9.340926737319647, 41.251396990703078 ], [ 9.341021989461051, 41.251351669505432 ], [ 9.343717534002355, 41.250983344014564 ], [ 9.343801033354191, 41.250974086896591 ] ] ], [ [ [ 9.400315136397003, 41.253949807023432 ], [ 9.400515496228484, 41.253531375656948 ], [ 9.400521258341769, 41.253008906984604 ], [ 9.400364216427324, 41.252946398473455 ], [ 9.399208763098885, 41.252595730512873 ], [ 9.398681251328064, 41.252457938078642 ], [ 9.398396417406575, 41.252480317556845 ], [ 9.398267588206991, 41.252640651051536 ], [ 9.398066246102477, 41.252899194191372 ], [ 9.39800356947112, 41.253142620025031 ], [ 9.397951535367092, 41.253665248519724 ], [ 9.397998724749584, 41.253819343293351 ], [ 9.39808073457456, 41.253811177944044 ], [ 9.398595567053988, 41.253579699387274 ], [ 9.399623491981549, 41.254056924588667 ], [ 9.399743447264528, 41.254154467230407 ], [ 9.400130898652439, 41.254076555900767 ], [ 9.400315136397003, 41.253949807023432 ] ] ], [ [ [ 9.431316707290122, 41.259212083032892 ], [ 9.426852313318014, 41.256706556385701 ], [ 9.428450643686279, 41.251044884907145 ], [ 9.430090130301338, 41.248060586470707 ], [ 9.430068498046053, 41.248174390051474 ], [ 9.430153132838209, 41.248795608669354 ], [ 9.430491847537736, 41.249030796103469 ], [ 9.432190298889241, 41.249809232789367 ], [ 9.43260894804135, 41.249947280780368 ], [ 9.432853269026875, 41.249893441643138 ], [ 9.435215489437919, 41.249293403698637 ], [ 9.435389747975679, 41.249248831798305 ], [ 9.435551667372755, 41.249143504469721 ], [ 9.435735784987202, 41.249011069465631 ], [ 9.436096489489437, 41.247389435715789 ], [ 9.436801494315119, 41.240571271674206 ], [ 9.438362784199338, 41.235355473844606 ], [ 9.441865706935815, 41.237001764707074 ], [ 9.442785563816772, 41.237151363376029 ], [ 9.443745264923331, 41.236795240215535 ], [ 9.447635823083257, 41.23335272570823 ], [ 9.447679245254601, 41.233158890212245 ], [ 9.447709253587218, 41.23296623282863 ], [ 9.44468878412286, 41.229431127062277 ], [ 9.444250899938305, 41.229080388090203 ], [ 9.440005400813657, 41.223175199357051 ], [ 9.440016183981355, 41.223004009834447 ], [ 9.439399158499491, 41.21659957490828 ], [ 9.438061778184373, 41.214171439241497 ], [ 9.437184543043292, 41.213654572107153 ], [ 9.420799540489947, 41.213543337253732 ], [ 9.420222648496816, 41.213802166359613 ], [ 9.419206273968477, 41.21435759830598 ], [ 9.419069787357046, 41.214700391443472 ], [ 9.418997474792393, 41.215051958792863 ], [ 9.419003018696419, 41.215219709288384 ], [ 9.418913377994713, 41.215660291404198 ], [ 9.418499447863388, 41.216457862266623 ], [ 9.418023796602439, 41.21669716967628 ], [ 9.417736507798379, 41.216777030123019 ], [ 9.417414735565762, 41.216827740184726 ], [ 9.41659038189208, 41.216870133827143 ], [ 9.416060027951771, 41.216714415333833 ], [ 9.411341134216402, 41.214443386095702 ], [ 9.405597973245552, 41.211411237084441 ], [ 9.401360545731555, 41.210216785711047 ], [ 9.388720493974606, 41.209613835346282 ], [ 9.387252072976494, 41.209652562134316 ], [ 9.382052568309435, 41.210109060748614 ], [ 9.381555248151141, 41.210226685153117 ], [ 9.381329209071582, 41.210329897616866 ], [ 9.375900571956594, 41.218181161050317 ], [ 9.37382945827197, 41.227378106993505 ], [ 9.375319605467693, 41.2302850270381 ], [ 9.377552125793295, 41.234133058300301 ], [ 9.378054816805577, 41.234656112347992 ], [ 9.381460037903206, 41.234900476822865 ], [ 9.381766729776452, 41.234801501006388 ], [ 9.390073458856842, 41.236569585761814 ], [ 9.399238372384731, 41.242019398864358 ], [ 9.400544605266983, 41.242907756250638 ], [ 9.40182309118747, 41.245592118141367 ], [ 9.404731167477639, 41.255099744941504 ], [ 9.406755051624515, 41.252561436848531 ], [ 9.406925397363949, 41.252362663950038 ], [ 9.407580390837433, 41.251644231419704 ], [ 9.407715520048999, 41.251541290010749 ], [ 9.410747883724351, 41.250221011081138 ], [ 9.411532372722677, 41.249940095313882 ], [ 9.412120994293439, 41.250067476413236 ], [ 9.412662345615296, 41.250269337502772 ], [ 9.413131298287489, 41.250582927543327 ], [ 9.413329169074972, 41.250730844536669 ], [ 9.413477243885403, 41.251026442978144 ], [ 9.415279001285827, 41.254948460369633 ], [ 9.416024932291741, 41.256814872897657 ], [ 9.415621754488161, 41.256765661004259 ], [ 9.414870144418723, 41.256829173515989 ], [ 9.414427838110415, 41.256962504674412 ], [ 9.413465032316193, 41.257371314735167 ], [ 9.413265709475803, 41.257706442375465 ], [ 9.412654559713868, 41.258752405476237 ], [ 9.412562663484266, 41.259087146751277 ], [ 9.412680781692428, 41.260784681206054 ], [ 9.414357655178801, 41.268049018614001 ], [ 9.417219956697021, 41.269218692506705 ], [ 9.417449982700177, 41.269250511904708 ], [ 9.417908308607334, 41.269042796957976 ], [ 9.418051093611219, 41.26896683927383 ], [ 9.421303354372284, 41.268332325301401 ], [ 9.421861508242962, 41.268102836662671 ], [ 9.422019134895947, 41.268015559935272 ], [ 9.428391538901963, 41.26369196339121 ], [ 9.430879464963922, 41.260340812797473 ], [ 9.431316707290122, 41.259212083032892 ] ] ], [ [ [ 9.403396618203894, 41.27608792356498 ], [ 9.403278712530124, 41.276088336639638 ], [ 9.403181823085466, 41.276108943492233 ], [ 9.402979922305466, 41.276527382408823 ], [ 9.403007207690258, 41.27659597118874 ], [ 9.403120889695474, 41.276636107270917 ], [ 9.403416031828247, 41.27657427184954 ], [ 9.403533765007317, 41.276545709938581 ], [ 9.403603463697079, 41.276472278335362 ], [ 9.403613238519238, 41.276363025683509 ], [ 9.403461169208708, 41.276148498954313 ], [ 9.403396618203894, 41.27608792356498 ] ] ], [ [ [ 9.363918979619671, 41.283296165218559 ], [ 9.363616742232244, 41.283167634427471 ], [ 9.363288499660674, 41.283194568056246 ], [ 9.363254713720544, 41.283292633276083 ], [ 9.363227326817901, 41.283468370316669 ], [ 9.363262232967035, 41.283571848638111 ], [ 9.363399733658822, 41.283602941878677 ], [ 9.363791068797482, 41.283647869837623 ], [ 9.364167392348122, 41.283677081255483 ], [ 9.364256495296639, 41.283594604360069 ], [ 9.364248286803916, 41.283460640648663 ], [ 9.364028234157983, 41.283347614480519 ], [ 9.363918979619671, 41.283296165218559 ] ] ], [ [ [ 9.364705671443085, 41.283303809437555 ], [ 9.364644185705483, 41.283252210424983 ], [ 9.364541509356329, 41.283309959236696 ], [ 9.36450769390877, 41.283402395057422 ], [ 9.364502042724441, 41.283459837487108 ], [ 9.364667847476719, 41.283748684312059 ], [ 9.36481886491989, 41.283794370664658 ], [ 9.364927973134362, 41.283819922192322 ], [ 9.365133562660803, 41.283747208151361 ], [ 9.365159564859979, 41.283591743446337 ], [ 9.36495230718211, 41.283364956262957 ], [ 9.364705671443085, 41.283303809437555 ] ] ], [ [ [ 9.365224704723804, 41.285369431653649 ], [ 9.364981364657863, 41.285365136523993 ], [ 9.364553016823285, 41.285377190479515 ], [ 9.364396482283917, 41.285413717135484 ], [ 9.364315095072978, 41.285542333604724 ], [ 9.364328993095075, 41.285625611468156 ], [ 9.364417585379234, 41.285718785745594 ], [ 9.364610833852112, 41.285842029748885 ], [ 9.364884349542551, 41.285903090646443 ], [ 9.365111386410232, 41.285928268146051 ], [ 9.365364775021597, 41.285859906890842 ], [ 9.365610061057808, 41.28567784775553 ], [ 9.365684296546485, 41.285605550736435 ], [ 9.365697382977048, 41.285543580768774 ], [ 9.365560823150373, 41.285414528733298 ], [ 9.365224704723804, 41.285369431653649 ] ] ], [ [ [ 9.400885312877143, 41.280335945772372 ], [ 9.400589517981125, 41.280294190300758 ], [ 9.399947896935966, 41.281795077024221 ], [ 9.399715817024672, 41.283878913754947 ], [ 9.399744693390087, 41.283963260384631 ], [ 9.400695518027465, 41.286154454899261 ], [ 9.401069034200075, 41.286451533597486 ], [ 9.401146883245586, 41.286488419366606 ], [ 9.401308519277769, 41.286556539295525 ], [ 9.401441471480942, 41.286571839332282 ], [ 9.401693776549751, 41.28657658908687 ], [ 9.401769873275342, 41.28657069368591 ], [ 9.401930376994558, 41.286454159404201 ], [ 9.402243718497228, 41.286188463816515 ], [ 9.402902005926514, 41.284972374925097 ], [ 9.402929460069936, 41.284824778522818 ], [ 9.402924563299306, 41.284028739957883 ], [ 9.402579514425287, 41.281561838078524 ], [ 9.401754485988754, 41.280654942733022 ], [ 9.401214393689063, 41.280450773517778 ], [ 9.400885312877143, 41.280335945772372 ] ] ], [ [ [ 9.337001589875285, 41.285975705924393 ], [ 9.336826500013265, 41.285890645424843 ], [ 9.336660841604102, 41.285897885820425 ], [ 9.336441614556207, 41.285937935710102 ], [ 9.336364534268414, 41.286044001346973 ], [ 9.336356358389105, 41.286196030450142 ], [ 9.336813271238871, 41.28680158760546 ], [ 9.336936084413697, 41.286880046198526 ], [ 9.337110632313411, 41.286859267722278 ], [ 9.337207491452553, 41.286826330887408 ], [ 9.337320226979472, 41.286687507070333 ], [ 9.337389129278135, 41.286442971224801 ], [ 9.337352826437888, 41.286350748878164 ], [ 9.33725708977194, 41.286311620394088 ], [ 9.33718597865504, 41.286127171222354 ], [ 9.337001589875285, 41.285975705924393 ] ] ], [ [ [ 9.366351728656664, 41.285904060213539 ], [ 9.366048617280191, 41.285889260814272 ], [ 9.365823242732329, 41.285894481092619 ], [ 9.365461344362945, 41.286045383746426 ], [ 9.365358611439571, 41.286093000605824 ], [ 9.365263677566681, 41.286201394148691 ], [ 9.365256672210432, 41.286283611339236 ], [ 9.365637285738144, 41.287078458050722 ], [ 9.365881279309017, 41.287198160791284 ], [ 9.366108553913087, 41.287264996468267 ], [ 9.366458212089324, 41.287326937400749 ], [ 9.366727896642944, 41.287236001872252 ], [ 9.366936854377913, 41.286697126597261 ], [ 9.366983146294483, 41.286433503705446 ], [ 9.366762004721569, 41.286129072183982 ], [ 9.366514750850294, 41.285959839852126 ], [ 9.366351728656664, 41.285904060213539 ] ] ], [ [ [ 9.40079747795396, 41.286715954542778 ], [ 9.400609164217684, 41.286679452997539 ], [ 9.400443518466085, 41.286687911098753 ], [ 9.399709792223179, 41.287049642733493 ], [ 9.399677384427278, 41.287120691361046 ], [ 9.399688287232205, 41.287194966625677 ], [ 9.399749666716215, 41.287224028724665 ], [ 9.40033124320791, 41.287368382958228 ], [ 9.400370259183795, 41.287402025470634 ], [ 9.400513669140096, 41.287418416174262 ], [ 9.400580861871653, 41.28742156029562 ], [ 9.400948516260632, 41.287003675120189 ], [ 9.400947771847379, 41.286882073854201 ], [ 9.400908421481423, 41.2867943852373 ], [ 9.40079747795396, 41.286715954542778 ] ] ], [ [ [ 9.399405649711873, 41.287112626691354 ], [ 9.39926819113502, 41.287092836054796 ], [ 9.399174272058291, 41.287113429211587 ], [ 9.399140803173903, 41.287255416574723 ], [ 9.399163860234335, 41.287364554814999 ], [ 9.39933011199601, 41.287455180905418 ], [ 9.399479744602322, 41.287513212198618 ], [ 9.399591398756259, 41.28746328201747 ], [ 9.399634530981528, 41.287437234986406 ], [ 9.399678758616849, 41.287345878780727 ], [ 9.399684166246974, 41.287253531371313 ], [ 9.399616660996484, 41.287199719162722 ], [ 9.399505737725395, 41.28712466506753 ], [ 9.399405649711873, 41.287112626691354 ] ] ], [ [ [ 9.362233811829961, 41.287359448688072 ], [ 9.362120272880816, 41.287344043200491 ], [ 9.361911755181429, 41.287429145809554 ], [ 9.361834347520624, 41.287468798103873 ], [ 9.361716887168743, 41.287553614122231 ], [ 9.361712856562729, 41.287634695764787 ], [ 9.3617550646062, 41.287979107408688 ], [ 9.361816564988727, 41.288032960715633 ], [ 9.362073604372508, 41.288082820340335 ], [ 9.362298731433983, 41.288031444289004 ], [ 9.362473130752164, 41.287984730512662 ], [ 9.362568963836713, 41.287768244200151 ], [ 9.362475041718103, 41.287520828253605 ], [ 9.362438741582702, 41.287435369682953 ], [ 9.362233811829961, 41.287359448688072 ] ] ], [ [ [ 9.35511332372821, 41.27663994500827 ], [ 9.349155452823814, 41.275866615495524 ], [ 9.348979448010473, 41.275887416660431 ], [ 9.336151357998888, 41.281446189833304 ], [ 9.335439394780204, 41.282326518402975 ], [ 9.33506379055161, 41.283017827582377 ], [ 9.335146902210425, 41.28350737979045 ], [ 9.336030305789542, 41.284036259670614 ], [ 9.342629846602641, 41.285799205484537 ], [ 9.347345680696778, 41.28922151019551 ], [ 9.353693223126477, 41.289228080429602 ], [ 9.355843099711185, 41.288715898016648 ], [ 9.358131817383887, 41.286573975792848 ], [ 9.35763109062656, 41.279073240794283 ], [ 9.356551318341682, 41.277038595098091 ], [ 9.356414831053497, 41.2769162876005 ], [ 9.35511332372821, 41.27663994500827 ] ] ], [ [ [ 9.334062933849298, 41.294868110840909 ], [ 9.33408324912962, 41.294753203890878 ], [ 9.334097371871882, 41.294595528062544 ], [ 9.334046085821376, 41.294492088591049 ], [ 9.333943927427132, 41.294367403257766 ], [ 9.333879676182875, 41.294356329929215 ], [ 9.33347509195324, 41.294357502647522 ], [ 9.333439401506658, 41.29438462930257 ], [ 9.333411259322713, 41.294428623629663 ], [ 9.333469955377952, 41.29481465848901 ], [ 9.333607255936949, 41.294804126951426 ], [ 9.333650382577623, 41.294771348845863 ], [ 9.333658151387164, 41.294831001815396 ], [ 9.333890028815176, 41.294922659008108 ], [ 9.333997489965229, 41.294916717426595 ], [ 9.334062933849298, 41.294868110840909 ] ] ], [ [ [ 9.338130447634402, 41.29471436407318 ], [ 9.337790913098917, 41.294591505126846 ], [ 9.337738825207841, 41.294623185104605 ], [ 9.337638105273312, 41.294778863453352 ], [ 9.337638581362208, 41.294871190655755 ], [ 9.337854367357179, 41.295025939541077 ], [ 9.338050180917289, 41.295071529434843 ], [ 9.338296752719572, 41.295116969842113 ], [ 9.33833662725541, 41.295032404946788 ], [ 9.338253431936668, 41.294823220911567 ], [ 9.338130447634402, 41.29471436407318 ] ] ], [ [ [ 9.335718901608702, 41.294340284157407 ], [ 9.33556034304892, 41.294280507979359 ], [ 9.335372234668231, 41.294281056148918 ], [ 9.335293168060677, 41.294292546162872 ], [ 9.335148799659709, 41.294379665322943 ], [ 9.335098205765547, 41.294412465728051 ], [ 9.335077834750029, 41.29451611332852 ], [ 9.335093127149184, 41.294587003999183 ], [ 9.335332649699691, 41.295005164498349 ], [ 9.33563677806171, 41.295211454764683 ], [ 9.335766610733165, 41.295200942425069 ], [ 9.336117052651957, 41.29454010701042 ], [ 9.336080833718096, 41.294464772793006 ], [ 9.335877009966199, 41.294312237600543 ], [ 9.335754509759431, 41.294296831377331 ], [ 9.335718901608702, 41.294340284157407 ] ] ], [ [ [ 9.33470274934837, 41.294446269309901 ], [ 9.334593683200128, 41.294430822791611 ], [ 9.334363970012161, 41.294469772298974 ], [ 9.334269994219953, 41.294485808792025 ], [ 9.334161372948396, 41.294557060233153 ], [ 9.334148131849384, 41.294595380734329 ], [ 9.334127513124763, 41.294943362476779 ], [ 9.334128070456407, 41.295052579903121 ], [ 9.334229873934492, 41.295107455978588 ], [ 9.334380741408705, 41.295122781426272 ], [ 9.334518178129251, 41.295139271674699 ], [ 9.33521131846957, 41.295218324299427 ], [ 9.335275513126218, 41.295218137352293 ], [ 9.335217668321915, 41.2950009954995 ], [ 9.335020672541196, 41.29472345630122 ], [ 9.334782016537607, 41.294474187154222 ], [ 9.33470274934837, 41.294446269309901 ] ] ], [ [ [ 9.332569247002183, 41.295018810870118 ], [ 9.33248252104941, 41.29499203811595 ], [ 9.332331762885692, 41.294998103285458 ], [ 9.332258715699954, 41.295019707563334 ], [ 9.332180231476045, 41.295146041750023 ], [ 9.332382491053576, 41.295286203223888 ], [ 9.332527695476314, 41.295362348902096 ], [ 9.332642848942152, 41.295400299174069 ], [ 9.332715778410575, 41.29535617560434 ], [ 9.332779644897162, 41.29529068566822 ], [ 9.332786669033712, 41.295203965711423 ], [ 9.332699412822601, 41.295073606359431 ], [ 9.332569247002183, 41.295018810870118 ] ] ], [ [ [ 9.406556770469214, 41.293719502379055 ], [ 9.406182500500103, 41.293551929181262 ], [ 9.404607799976873, 41.29384797271171 ], [ 9.404335348031266, 41.293970533692935 ], [ 9.404149432251522, 41.29408378250384 ], [ 9.403805111111016, 41.294656978309618 ], [ 9.403694469620579, 41.294872424528897 ], [ 9.403438402165545, 41.295716666192867 ], [ 9.403426923344124, 41.295792146292456 ], [ 9.403439331817331, 41.295867541775685 ], [ 9.403591971672888, 41.296409719774886 ], [ 9.403879719320274, 41.296586611738434 ], [ 9.405344313666989, 41.296581463949728 ], [ 9.405615965396828, 41.296328292051328 ], [ 9.405776158038851, 41.296158833181899 ], [ 9.40650279298896, 41.295124890792337 ], [ 9.406539712226099, 41.29505945515556 ], [ 9.406945430172755, 41.294279982885818 ], [ 9.406693206748864, 41.29381247493955 ], [ 9.406556770469214, 41.293719502379055 ] ] ], [ [ [ 9.401358061022417, 41.292691728251526 ], [ 9.400672500464486, 41.292640069906874 ], [ 9.400415857478254, 41.292662356285398 ], [ 9.398074866147486, 41.293134371650581 ], [ 9.397916948724886, 41.293188963220835 ], [ 9.397803815626654, 41.293243400725778 ], [ 9.396737475383857, 41.294163612016959 ], [ 9.39631143008438, 41.294564795702279 ], [ 9.396298456586839, 41.294887990638976 ], [ 9.396385252415053, 41.295168056159426 ], [ 9.398888471229126, 41.297785147482536 ], [ 9.399121566905471, 41.298549991364865 ], [ 9.399250755044765, 41.298679028766955 ], [ 9.399637116821729, 41.298623641656597 ], [ 9.399979323795248, 41.29842878847856 ], [ 9.400150420829432, 41.298330235561025 ], [ 9.400250061642682, 41.298265708993419 ], [ 9.400930658798218, 41.297497688737181 ], [ 9.402356252908188, 41.294543825682332 ], [ 9.402340389637784, 41.294391877180516 ], [ 9.402297266468079, 41.294176968800585 ], [ 9.402266612601478, 41.294047589536227 ], [ 9.40161745349354, 41.29287435470858 ], [ 9.401501839408578, 41.292766665891676 ], [ 9.401358061022417, 41.292691728251526 ] ] ], [ [ [ 9.400831656083318, 41.302054789710787 ], [ 9.401084906802225, 41.301960452331407 ], [ 9.401134969548233, 41.301845430148347 ], [ 9.401206010269519, 41.301499513369549 ], [ 9.401225029517608, 41.301192060743077 ], [ 9.40120358816001, 41.301104310932224 ], [ 9.400686283888716, 41.300991264963031 ], [ 9.400475632989702, 41.30097060462311 ], [ 9.400049096456176, 41.3012952376301 ], [ 9.399926678243677, 41.301542248011735 ], [ 9.400226347371058, 41.301957810742188 ], [ 9.400322209763162, 41.302007019958396 ], [ 9.400452341126314, 41.30204485021487 ], [ 9.400540198549509, 41.302006261665639 ], [ 9.40066436122167, 41.302044112450417 ], [ 9.400831656083318, 41.302054789710787 ] ] ], [ [ [ 9.380747086647226, 41.307597383598413 ], [ 9.38481775660301, 41.299483701586375 ], [ 9.384842510758682, 41.299376652788787 ], [ 9.384676603826799, 41.298330064323949 ], [ 9.383664773521922, 41.297387635021522 ], [ 9.379361098563644, 41.294155755736689 ], [ 9.366848502385293, 41.287979878674996 ], [ 9.36582511671233, 41.287566528931521 ], [ 9.365690624737804, 41.287541059814181 ], [ 9.365506906629301, 41.28752250176435 ], [ 9.365013015257077, 41.287562350897758 ], [ 9.36487926259692, 41.287669742104811 ], [ 9.360972736840381, 41.293106939737051 ], [ 9.360330726646374, 41.29418199179424 ], [ 9.360677466117609, 41.295876602800263 ], [ 9.36085082773976, 41.296450299127471 ], [ 9.36106461497601, 41.29704413578142 ], [ 9.361361753760024, 41.297320189906372 ], [ 9.36701866687261, 41.302360103034303 ], [ 9.367166932194763, 41.302439573917468 ], [ 9.367301402107385, 41.3024549084775 ], [ 9.368427216117171, 41.302188962106591 ], [ 9.368559894739709, 41.302151380454248 ], [ 9.378190367873433, 41.307290544086023 ], [ 9.379011862448243, 41.308100783557911 ], [ 9.379033039313285, 41.308148004411187 ], [ 9.379075084870896, 41.308188399840233 ], [ 9.379306674605868, 41.308211282238759 ], [ 9.379400746570269, 41.308210972218163 ], [ 9.379766451671703, 41.308186120991124 ], [ 9.380039340085187, 41.308121041193154 ], [ 9.380571004141999, 41.30787495179149 ], [ 9.380747086647226, 41.307597383598413 ] ] ], [ [ [ 9.343367156304048, 41.307129458919746 ], [ 9.349762280275861, 41.303420437386634 ], [ 9.352902145692811, 41.303654061504176 ], [ 9.353101916048555, 41.303596024548519 ], [ 9.35327001409529, 41.303479535036821 ], [ 9.358668268805884, 41.297303841331605 ], [ 9.358851745516358, 41.297001513511027 ], [ 9.359427310509458, 41.295507819897772 ], [ 9.35945725946279, 41.295252134111387 ], [ 9.359453371521493, 41.294543917060622 ], [ 9.359205259472839, 41.294220414177822 ], [ 9.358525442843627, 41.293850966248122 ], [ 9.357739666730911, 41.293487474348595 ], [ 9.355244315572774, 41.293088729540052 ], [ 9.354875323157902, 41.293043703774188 ], [ 9.354336327018478, 41.293034104382251 ], [ 9.347893746385529, 41.296564500821383 ], [ 9.348136270627723, 41.298653549512288 ], [ 9.348291782717819, 41.298978481313753 ], [ 9.348093631318251, 41.29933938788573 ], [ 9.347879309893356, 41.29946726930222 ], [ 9.340889814617215, 41.301670290788756 ], [ 9.338965572114631, 41.301455285056143 ], [ 9.337749002162145, 41.30122691329408 ], [ 9.33636193153926, 41.300940476631382 ], [ 9.335853275362231, 41.300744919130906 ], [ 9.334469794086679, 41.300864921050575 ], [ 9.334208682677598, 41.300900584444619 ], [ 9.333456694138016, 41.301297976503484 ], [ 9.333333238704538, 41.301390663456885 ], [ 9.333948597859195, 41.305526780339754 ], [ 9.334013647265358, 41.305692107021997 ], [ 9.334114180978544, 41.305787522496296 ], [ 9.334894024252486, 41.306447319737018 ], [ 9.337867521020133, 41.308567817962711 ], [ 9.33821521728575, 41.308811129884447 ], [ 9.341216110373972, 41.309270672124406 ], [ 9.341549802219552, 41.309116551929407 ], [ 9.341715824489949, 41.308881859929201 ], [ 9.341595142071981, 41.308648018847137 ], [ 9.342224982357918, 41.308015611143176 ], [ 9.343367156304048, 41.307129458919746 ] ] ], [ [ [ 9.369832247038632, 41.308531483623341 ], [ 9.369727695108907, 41.308527316521491 ], [ 9.369681429714458, 41.308531968078661 ], [ 9.368192253357968, 41.308728154375757 ], [ 9.368004299191593, 41.308763660369756 ], [ 9.36793876040741, 41.3087931441001 ], [ 9.367783158977151, 41.309005322120065 ], [ 9.367738882242959, 41.309097791909927 ], [ 9.367739299806983, 41.309172103446514 ], [ 9.368047956439247, 41.309622624905892 ], [ 9.368236469376626, 41.309686202975897 ], [ 9.368843427649164, 41.309806989115188 ], [ 9.368894336475019, 41.30983159723143 ], [ 9.368985288234613, 41.309806534466425 ], [ 9.369952610802539, 41.309219057721819 ], [ 9.370043252127418, 41.309139948740096 ], [ 9.370211015547785, 41.30896713828124 ], [ 9.370224181021165, 41.308918679390494 ], [ 9.370151918598125, 41.308815323789169 ], [ 9.369995481426537, 41.308614280565806 ], [ 9.369929392390846, 41.30854580903052 ], [ 9.369832247038632, 41.308531483623341 ] ] ], [ [ [ 9.376705464071525, 41.307960854708256 ], [ 9.376120017010683, 41.307944753667691 ], [ 9.375726010147041, 41.307982069520548 ], [ 9.371303294380681, 41.308562778883577 ], [ 9.370716176771252, 41.308779728969945 ], [ 9.370290694786712, 41.309061462254327 ], [ 9.370243247910611, 41.309121289280796 ], [ 9.370181236481921, 41.309246470965959 ], [ 9.370134740609139, 41.309474064743725 ], [ 9.370139704408523, 41.309559621306732 ], [ 9.37080772141471, 41.310968295872627 ], [ 9.373874572769202, 41.312199179813803 ], [ 9.37574349291425, 41.312587179551571 ], [ 9.375767800222182, 41.312659161089357 ], [ 9.37588767416357, 41.312729705521171 ], [ 9.376131345077898, 41.312773947265192 ], [ 9.376537016314877, 41.312682544633056 ], [ 9.379250969179294, 41.311740216714213 ], [ 9.379974471247042, 41.311093782889785 ], [ 9.380362197223974, 41.308431864751839 ], [ 9.380345601363203, 41.308402645369469 ], [ 9.379735838323006, 41.308314581231699 ], [ 9.376705464071525, 41.307960854708256 ] ] ], [ [ [ 9.369930394988849, 41.312685951820484 ], [ 9.369737639846925, 41.312666303749886 ], [ 9.36954505889164, 41.312677055865976 ], [ 9.369288584403176, 41.312745436000284 ], [ 9.369129368897516, 41.312847282677573 ], [ 9.369136599932055, 41.313070199749426 ], [ 9.36914447322803, 41.313142235387417 ], [ 9.369251455892009, 41.313310786160571 ], [ 9.369363512832678, 41.313320559428931 ], [ 9.369382737058038, 41.313286719678722 ], [ 9.369472310911515, 41.31328192833832 ], [ 9.369567671003734, 41.313243339389061 ], [ 9.369778986484667, 41.313112049654229 ], [ 9.369887398115813, 41.31300473552043 ], [ 9.370014679409588, 41.312801654463833 ], [ 9.370014348337794, 41.312743105322916 ], [ 9.369994659859065, 41.31269475299429 ], [ 9.369930394988849, 41.312685951820484 ] ] ], [ [ [ 9.70769962755142, 40.874998281886469 ], [ 9.707232565650457, 40.874880661155657 ], [ 9.707212927099494, 40.875126256902696 ], [ 9.707382999611475, 40.875634182159601 ], [ 9.707697449126247, 40.875908129808529 ], [ 9.707936277559211, 40.875906664156162 ], [ 9.708094592916808, 40.875867406909848 ], [ 9.708077766411337, 40.875262832096773 ], [ 9.70769962755142, 40.874998281886469 ] ] ], [ [ [ 9.777582881744975, 40.873599066556352 ], [ 9.777281504439522, 40.873578577171145 ], [ 9.777246378562731, 40.873619351306878 ], [ 9.776974666760994, 40.874359858503269 ], [ 9.776931519627531, 40.87472948737279 ], [ 9.777248905139885, 40.875484041079623 ], [ 9.778034321270432, 40.8759201493137 ], [ 9.778186495479988, 40.875486727271365 ], [ 9.778481690448878, 40.875358619724068 ], [ 9.778776145358115, 40.875167460024628 ], [ 9.778912740442408, 40.874671083073224 ], [ 9.778359377513143, 40.874035232901313 ], [ 9.77790729997864, 40.873686961226319 ], [ 9.777582881744975, 40.873599066556352 ] ] ], [ [ [ 9.730966709481754, 40.875431950649677 ], [ 9.731768269730171, 40.875206166604883 ], [ 9.733937144760418, 40.875209274587434 ], [ 9.734690657563679, 40.875335097127824 ], [ 9.735207630779817, 40.875534488470372 ], [ 9.735382493800424, 40.875785605027851 ], [ 9.735900034119453, 40.876169660289541 ], [ 9.736191539643762, 40.876236486686508 ], [ 9.736354076620954, 40.87617802104532 ], [ 9.737839924695168, 40.875053754125339 ], [ 9.738523717218042, 40.874378261956245 ], [ 9.742157019246383, 40.870687452551365 ], [ 9.741142786328036, 40.864470387221353 ], [ 9.740966137481109, 40.864058268053292 ], [ 9.740044618283424, 40.862819915694651 ], [ 9.739082322169459, 40.861646003191069 ], [ 9.736782668124876, 40.859705918941302 ], [ 9.736534479679598, 40.859526210925139 ], [ 9.736445060110045, 40.859487370330726 ], [ 9.732798768513142, 40.859148010096355 ], [ 9.732197034924191, 40.859185612621424 ], [ 9.731328329617224, 40.859491774702036 ], [ 9.713135077849584, 40.866151334707958 ], [ 9.712839024326771, 40.866345718143123 ], [ 9.711204380950345, 40.867448060914874 ], [ 9.710953051094254, 40.867664683679081 ], [ 9.710215139387948, 40.868986691030948 ], [ 9.710076080368005, 40.869299457477737 ], [ 9.710077583962718, 40.869440202679669 ], [ 9.710564386887585, 40.87029749423553 ], [ 9.710745702520486, 40.870607163066445 ], [ 9.711200256531281, 40.871221427079178 ], [ 9.713999189510551, 40.874929052974075 ], [ 9.714200004282134, 40.875118109807495 ], [ 9.715664294236831, 40.876229435629789 ], [ 9.715813665105507, 40.87632422131508 ], [ 9.729606641841627, 40.877078938955933 ], [ 9.729423973401945, 40.876115084592719 ], [ 9.729505607802226, 40.875983948449068 ], [ 9.729674714122579, 40.875847756536764 ], [ 9.7299051818823, 40.875760718271344 ], [ 9.730966709481754, 40.875431950649677 ] ] ], [ [ [ 9.672045240162715, 40.876991802633611 ], [ 9.671794739176377, 40.876866020027357 ], [ 9.671620400134493, 40.87693684998802 ], [ 9.670899804062104, 40.877269845554117 ], [ 9.670236836265556, 40.877727491580231 ], [ 9.670202004325683, 40.877804264883558 ], [ 9.670084571538078, 40.878075196518196 ], [ 9.670634299597562, 40.878450347218035 ], [ 9.671302349675036, 40.878788775095899 ], [ 9.671411944122676, 40.878770120491836 ], [ 9.671781355042382, 40.878623838738896 ], [ 9.673221587638382, 40.878008508808826 ], [ 9.673436766205061, 40.877868749400037 ], [ 9.673133972704777, 40.877560857053837 ], [ 9.672045240162715, 40.876991802633611 ] ] ], [ [ [ 9.640733305279921, 40.886139989764217 ], [ 9.640865177987289, 40.886121240405018 ], [ 9.640887967327929, 40.886330555772965 ], [ 9.64089468414136, 40.886411594368113 ], [ 9.640992954645155, 40.8864470797905 ], [ 9.641156950057695, 40.886220961652185 ], [ 9.641193430486862, 40.886157701398815 ], [ 9.641387091773641, 40.88577715114112 ], [ 9.641217555232492, 40.885429023491248 ], [ 9.641017048929486, 40.885100210415267 ], [ 9.639559218551502, 40.884396650335432 ], [ 9.639305640148651, 40.884564710471409 ], [ 9.639136671545717, 40.88473680267419 ], [ 9.639044580265319, 40.885034587225746 ], [ 9.639111226563527, 40.885330363432125 ], [ 9.639459786553543, 40.885935363602179 ], [ 9.639512449071002, 40.886011641566171 ], [ 9.640097003310752, 40.886470072419023 ], [ 9.640452245353044, 40.886535663714781 ], [ 9.640702604492924, 40.886494860825316 ], [ 9.640811198385693, 40.88637039380437 ], [ 9.64079516699926, 40.886246619163359 ], [ 9.640733305279921, 40.886139989764217 ] ] ], [ [ [ 9.655352227831795, 40.888375221671637 ], [ 9.654828181381635, 40.887745368538496 ], [ 9.654451204693059, 40.887584233210198 ], [ 9.653595587410472, 40.887334603455336 ], [ 9.649265302190377, 40.886655290497018 ], [ 9.648201335810986, 40.886794147141998 ], [ 9.647870402248609, 40.886940139012708 ], [ 9.647612042445324, 40.887225351597998 ], [ 9.64697389878857, 40.887973239308685 ], [ 9.646869462023862, 40.888219300334441 ], [ 9.646785246981057, 40.888560960466577 ], [ 9.646887475741831, 40.888697763259977 ], [ 9.647149354791779, 40.888772864018378 ], [ 9.647464408319632, 40.888518866131186 ], [ 9.647539890200186, 40.888347284080744 ], [ 9.647632777328695, 40.88828652111598 ], [ 9.647829650285935, 40.888238683823822 ], [ 9.648218785082214, 40.888278160008845 ], [ 9.648388123640144, 40.888297476874726 ], [ 9.648516060372083, 40.888331664838347 ], [ 9.648716909973595, 40.888386836450316 ], [ 9.64999076289943, 40.889224188888058 ], [ 9.6503562114712, 40.890178130291794 ], [ 9.651419279864573, 40.889942420208243 ], [ 9.655186707792096, 40.888743248759596 ], [ 9.655352227831795, 40.888375221671637 ] ] ], [ [ [ 9.668495790803483, 40.893565109586461 ], [ 9.668326093422387, 40.893512044993834 ], [ 9.667725641098704, 40.893563940910227 ], [ 9.667626552687651, 40.893597169711789 ], [ 9.667536063863695, 40.893747455875271 ], [ 9.66754882852797, 40.893836338220872 ], [ 9.667620864470541, 40.893916995190907 ], [ 9.66797987847287, 40.894203180688812 ], [ 9.668458186895576, 40.893957186624512 ], [ 9.668569221837425, 40.893784259849781 ], [ 9.668582869778895, 40.893665947474233 ], [ 9.668495790803483, 40.893565109586461 ] ] ], [ [ [ 9.674832137660713, 40.896499801398761 ], [ 9.674585002001493, 40.896421299371561 ], [ 9.674437827899059, 40.896541519360092 ], [ 9.674439932128269, 40.8967486963993 ], [ 9.674572331279139, 40.896926960415712 ], [ 9.67501373514202, 40.897138325078664 ], [ 9.675231171970955, 40.896923104850956 ], [ 9.675193188781902, 40.896690239006119 ], [ 9.674832137660713, 40.896499801398761 ] ] ], [ [ [ 9.584079903402284, 40.904996717231754 ], [ 9.582269088609808, 40.904133199365013 ], [ 9.581943502845641, 40.904238437574826 ], [ 9.58177302868382, 40.904430723623449 ], [ 9.581607360919335, 40.904663521721623 ], [ 9.581642777394336, 40.904809727423867 ], [ 9.581987646009315, 40.905380011411893 ], [ 9.583415460040163, 40.905724119718485 ], [ 9.583928137212482, 40.905628062767072 ], [ 9.583997896014552, 40.905459931381387 ], [ 9.58429889640173, 40.905259098556712 ], [ 9.584079903402284, 40.904996717231754 ] ] ], [ [ [ 9.526132678822448, 40.916962731020519 ], [ 9.525464687798154, 40.916587431128733 ], [ 9.525316608895142, 40.916633146451012 ], [ 9.525038262927692, 40.916724498132517 ], [ 9.524861992248301, 40.916959514936174 ], [ 9.525307710258112, 40.917759218173018 ], [ 9.525508886801923, 40.917857392123601 ], [ 9.5256057304219, 40.917901993228725 ], [ 9.525974427012317, 40.91797237686356 ], [ 9.526414019401548, 40.917997396845116 ], [ 9.526887664042841, 40.917824075785781 ], [ 9.526825518945243, 40.917662210973901 ], [ 9.526790661655889, 40.917572287979858 ], [ 9.526430909151818, 40.917132527048928 ], [ 9.526132678822448, 40.916962731020519 ] ] ], [ [ [ 9.508894773198046, 40.917625627420492 ], [ 9.508276925235645, 40.917583312521856 ], [ 9.508112121773923, 40.917773210749559 ], [ 9.508041491433071, 40.917854595889338 ], [ 9.508138632583044, 40.918133423899832 ], [ 9.508448352780956, 40.918258174253886 ], [ 9.508710882194384, 40.918229991486591 ], [ 9.508958570877981, 40.918201873622756 ], [ 9.509228035366093, 40.91772324684996 ], [ 9.508894773198046, 40.917625627420492 ] ] ], [ [ [ 9.508992319164227, 40.91640908299555 ], [ 9.50855246825143, 40.916347966231008 ], [ 9.508160666052728, 40.916358701719723 ], [ 9.507804560984267, 40.916378287010389 ], [ 9.507570369706704, 40.916811713733992 ], [ 9.507658328081575, 40.916860872306906 ], [ 9.507904246399002, 40.916990409171817 ], [ 9.511192000624405, 40.91830910188699 ], [ 9.511654715640297, 40.918252999896104 ], [ 9.512022430284071, 40.918197318800161 ], [ 9.512043400277737, 40.917836895760146 ], [ 9.511815965359615, 40.917603690987072 ], [ 9.510384030686788, 40.916709212907563 ], [ 9.510038966240488, 40.916620658216637 ], [ 9.508992319164227, 40.91640908299555 ] ] ], [ [ [ 9.647217431418849, 40.917221627735202 ], [ 9.646998145345213, 40.917111382537144 ], [ 9.646616947495787, 40.917141669759296 ], [ 9.646375700960567, 40.917215088544516 ], [ 9.646346068673651, 40.917678051721573 ], [ 9.64718555284769, 40.918366975891935 ], [ 9.647547453152171, 40.918335667311901 ], [ 9.648014575939088, 40.917982848920083 ], [ 9.647946579861353, 40.91786049402269 ], [ 9.647384874631046, 40.91734342572849 ], [ 9.647217431418849, 40.917221627735202 ] ] ], [ [ [ 9.566267554866783, 40.920351151468381 ], [ 9.565988878303999, 40.920050743316139 ], [ 9.565768340956183, 40.920127270058394 ], [ 9.565700356911112, 40.920162511652045 ], [ 9.565984500938672, 40.920407716019838 ], [ 9.566154696524899, 40.920520609445525 ], [ 9.566430603258064, 40.920670142650195 ], [ 9.566522955094744, 40.920706848218629 ], [ 9.56686298758072, 40.920716437580083 ], [ 9.567011905306339, 40.920597472405326 ], [ 9.567040622286974, 40.920483602310803 ], [ 9.566734117617026, 40.920401782296111 ], [ 9.566267554866783, 40.920351151468381 ] ] ], [ [ [ 9.638228783435412, 40.920256824695159 ], [ 9.638039971095763, 40.920227467496098 ], [ 9.63787426677794, 40.920594343936877 ], [ 9.638114492748151, 40.920721380184574 ], [ 9.638400476134045, 40.920512608581163 ], [ 9.638411138092172, 40.920386434489394 ], [ 9.638228783435412, 40.920256824695159 ] ] ], [ [ [ 9.632778126301318, 40.919985090353151 ], [ 9.63226620375996, 40.919852774046525 ], [ 9.631771221358035, 40.920251847903053 ], [ 9.631998908985834, 40.920466799096623 ], [ 9.632250352508043, 40.920681616880508 ], [ 9.632607383903304, 40.9207607324458 ], [ 9.633111750083472, 40.920100365956806 ], [ 9.632778126301318, 40.919985090353151 ] ] ], [ [ [ 9.641548357615145, 40.920130305702557 ], [ 9.641388525017582, 40.920027600457104 ], [ 9.641066742234226, 40.920217435890578 ], [ 9.640952019766875, 40.920481564076674 ], [ 9.64097967834803, 40.920732514408797 ], [ 9.641142742033859, 40.92086222708781 ], [ 9.641260927451977, 40.920956155980932 ], [ 9.641486623091057, 40.920961656883314 ], [ 9.641700743466222, 40.920383939997095 ], [ 9.641651433211093, 40.920197293421829 ], [ 9.641548357615145, 40.920130305702557 ] ] ], [ [ [ 9.64217366897533, 40.921086199955546 ], [ 9.642021723779333, 40.92103187029867 ], [ 9.641920893517499, 40.921043691986576 ], [ 9.641387097852014, 40.92110859506888 ], [ 9.641047246332604, 40.921272631211181 ], [ 9.641088414229054, 40.921385004960705 ], [ 9.641401759964261, 40.921396774913603 ], [ 9.641877475400808, 40.921466193249657 ], [ 9.641961736185401, 40.921582830943372 ], [ 9.6422406726709, 40.921413500320753 ], [ 9.642286744535069, 40.92126573401584 ], [ 9.642302026922001, 40.921157550421285 ], [ 9.64217366897533, 40.921086199955546 ] ] ], [ [ [ 9.512507337812169, 40.921014745163816 ], [ 9.511529158223651, 40.920451569272288 ], [ 9.511138167504006, 40.92057041015029 ], [ 9.510462991578395, 40.920798606876815 ], [ 9.510488960874296, 40.921086756986412 ], [ 9.511183026237104, 40.921768308570293 ], [ 9.512647646954999, 40.922266266679287 ], [ 9.512842087287989, 40.921878047510837 ], [ 9.512970156999186, 40.921737850877925 ], [ 9.512841666686512, 40.921247473078047 ], [ 9.512643154060594, 40.921108727830685 ], [ 9.512507337812169, 40.921014745163816 ] ] ], [ [ [ 9.633748709513775, 40.920889588931807 ], [ 9.633239306347395, 40.92071109658113 ], [ 9.633151532316099, 40.920846701910534 ], [ 9.63293998250573, 40.921390609646046 ], [ 9.632919864099534, 40.921615924443699 ], [ 9.633065004818192, 40.921891003677196 ], [ 9.633165943966892, 40.922045841452913 ], [ 9.63361524790627, 40.92199270195286 ], [ 9.633774793834569, 40.921910751547998 ], [ 9.633916525905711, 40.921828898851508 ], [ 9.634112634728623, 40.921689319174988 ], [ 9.634157207413029, 40.92138279425231 ], [ 9.633748709513775, 40.920889588931807 ] ] ], [ [ [ 9.635308063119012, 40.923280570530927 ], [ 9.635160356243226, 40.923203688702102 ], [ 9.635041792594064, 40.923224610334572 ], [ 9.634901834405227, 40.923336857574803 ], [ 9.634949546662687, 40.923513380550787 ], [ 9.635090714225855, 40.923682633521985 ], [ 9.635256408583608, 40.92377743289854 ], [ 9.635355653108675, 40.923754365422781 ], [ 9.635372259283212, 40.92362815891881 ], [ 9.635356957783282, 40.923425558746629 ], [ 9.635308063119012, 40.923280570530927 ] ] ], [ [ [ 9.734127341026774, 40.922616081988011 ], [ 9.735695533769345, 40.920119827929561 ], [ 9.736821475398923, 40.920584442803282 ], [ 9.737399846097304, 40.920799194117052 ], [ 9.737761364329025, 40.92087007290128 ], [ 9.739195740647437, 40.920368814616708 ], [ 9.739814160452928, 40.919781568595901 ], [ 9.741311190181493, 40.91625538235072 ], [ 9.742751340952005, 40.91230277730488 ], [ 9.742215436326507, 40.911632865146146 ], [ 9.742072840288001, 40.911490777476558 ], [ 9.741631874375955, 40.91108036350294 ], [ 9.740520099707695, 40.910543637436319 ], [ 9.737878465892262, 40.909774605018832 ], [ 9.737678060172767, 40.909905380173747 ], [ 9.736556833404022, 40.909983487179389 ], [ 9.732779589202096, 40.909327431714352 ], [ 9.731328086638724, 40.909065274323943 ], [ 9.730515794314879, 40.908892510261865 ], [ 9.724164453651367, 40.906549898058884 ], [ 9.720814213520253, 40.905004584631271 ], [ 9.712293828859156, 40.900723446380226 ], [ 9.711699670519748, 40.900396062502423 ], [ 9.70513413069153, 40.895351247292702 ], [ 9.704788103299528, 40.895045956749783 ], [ 9.703247205677537, 40.893589273864869 ], [ 9.698636998942677, 40.890649076723292 ], [ 9.697413634211404, 40.889876142071579 ], [ 9.696786506961359, 40.889501587897051 ], [ 9.695596815082137, 40.888964895007554 ], [ 9.692782284731395, 40.887846796742942 ], [ 9.691820357810755, 40.888230917571775 ], [ 9.686245035244889, 40.891599532663015 ], [ 9.673251505129521, 40.889013051363399 ], [ 9.673090158482763, 40.889051153345136 ], [ 9.673046079263507, 40.889533352235652 ], [ 9.673540623711339, 40.891771265879818 ], [ 9.692203464178002, 40.90092911134554 ], [ 9.709327327967596, 40.910039339168385 ], [ 9.720053304678951, 40.914896973103488 ], [ 9.729224994317862, 40.922443378300436 ], [ 9.730745237770208, 40.923933618775742 ], [ 9.731157189326305, 40.924268813307876 ], [ 9.732297766241635, 40.924979977316141 ], [ 9.735846995203989, 40.927083313150888 ], [ 9.736984161725534, 40.92761203684281 ], [ 9.737394670688261, 40.927679225394904 ], [ 9.735872631277841, 40.924442626496074 ], [ 9.735498394644029, 40.924163508990702 ], [ 9.734127341026774, 40.922616081988011 ] ] ], [ [ [ 9.526464804317401, 40.930383485567333 ], [ 9.526131524964292, 40.930294924675408 ], [ 9.525920162964576, 40.930602169950937 ], [ 9.525946133389072, 40.930881304984219 ], [ 9.52611201604649, 40.931578685505997 ], [ 9.526297797674498, 40.931789530763325 ], [ 9.527163210994724, 40.93157838869336 ], [ 9.527386593485675, 40.931289105504838 ], [ 9.527085001338927, 40.930704949972053 ], [ 9.526869135558798, 40.930444696890603 ], [ 9.526464804317401, 40.930383485567333 ] ] ], [ [ [ 9.529253712639919, 41.041783365924573 ], [ 9.529061784689713, 41.041402530757715 ], [ 9.528734925883914, 41.041443441296487 ], [ 9.528679972779596, 41.041452701515283 ], [ 9.528642940129737, 41.041470887629387 ], [ 9.527330889749532, 41.042175022389785 ], [ 9.52727792627144, 41.042247328772625 ], [ 9.527308029477922, 41.042292231640118 ], [ 9.52861855556862, 41.042326763653428 ], [ 9.528803994310046, 41.042268487081571 ], [ 9.528974217090859, 41.042167491484534 ], [ 9.529319138280828, 41.041967730106514 ], [ 9.529253712639919, 41.041783365924573 ] ] ], [ [ [ 9.33428673207232, 41.189749030928958 ], [ 9.333618649900938, 41.18968791355806 ], [ 9.333141858498657, 41.189725324478417 ], [ 9.332772431054616, 41.189771432084051 ], [ 9.331509992975089, 41.190081340309696 ], [ 9.33151244542376, 41.190567758243169 ], [ 9.331682252747614, 41.191134762859328 ], [ 9.333579409316913, 41.191354479756143 ], [ 9.333876381401542, 41.191128423065209 ], [ 9.334245816861733, 41.191082311899869 ], [ 9.33498330400089, 41.190719855170805 ], [ 9.335274673715784, 41.190565873606154 ], [ 9.335340076349402, 41.190529653318038 ], [ 9.335469866232264, 41.190259038650893 ], [ 9.335075163472453, 41.190025983537687 ], [ 9.33428673207232, 41.189749030928958 ] ] ], [ [ [ 8.22526354597308, 40.966634404338301 ], [ 8.224730971323318, 40.966572270127131 ], [ 8.224189831871081, 40.967114747667409 ], [ 8.224078472839201, 40.967236733687415 ], [ 8.223991105705073, 40.967339738725094 ], [ 8.223769516113462, 40.967614118634962 ], [ 8.223980367582735, 40.967622294251456 ], [ 8.224209122275481, 40.967623833830146 ], [ 8.224492876466652, 40.967622364874366 ], [ 8.224582214693507, 40.967604949455911 ], [ 8.224741629487683, 40.967565486599923 ], [ 8.22486380287547, 40.967534778603174 ], [ 8.225348329850862, 40.967387149348859 ], [ 8.225562324950413, 40.967253467169265 ], [ 8.225691296498846, 40.967022374800287 ], [ 8.22526354597308, 40.966634404338301 ] ] ], [ [ [ 8.213278311653999, 40.971892787786814 ], [ 8.212168515478172, 40.971395393705315 ], [ 8.211982502910557, 40.971546134217348 ], [ 8.211806395919396, 40.971738603997608 ], [ 8.211770042590182, 40.972046881386476 ], [ 8.211794930482746, 40.972202441436586 ], [ 8.212283521469923, 40.972218167175896 ], [ 8.213200745104897, 40.972044270265272 ], [ 8.213316507377957, 40.971929081086564 ], [ 8.213278311653999, 40.971892787786814 ] ] ], [ [ [ 8.215022012603633, 40.982832606762187 ], [ 8.215330290493675, 40.982522801191003 ], [ 8.216691250051351, 40.982908144337244 ], [ 8.216850360075108, 40.982897965194915 ], [ 8.217164881569872, 40.982813398990046 ], [ 8.22569497088352, 40.977127231184504 ], [ 8.226482901750169, 40.976195679440828 ], [ 8.226662597636469, 40.975948036408987 ], [ 8.226910392570415, 40.975593878774326 ], [ 8.226988982495795, 40.975352313252507 ], [ 8.226992360396038, 40.975062952319313 ], [ 8.226982093894168, 40.974669904213805 ], [ 8.226855819276118, 40.974414578630579 ], [ 8.224496383562839, 40.970114254700306 ], [ 8.221432232398291, 40.968796436394207 ], [ 8.216423218012284, 40.967513751269323 ], [ 8.216024146297329, 40.967719350289443 ], [ 8.215294621774623, 40.968231225304848 ], [ 8.21466509318893, 40.969204317610021 ], [ 8.211558359198193, 40.978845415449207 ], [ 8.211628728616878, 40.979174691517592 ], [ 8.212086538345027, 40.980657397442961 ], [ 8.212189586291036, 40.980863037091694 ], [ 8.212305149196604, 40.981015836585712 ], [ 8.214295785193313, 40.982926749757191 ], [ 8.214723831878858, 40.982917280230012 ], [ 8.215022012603633, 40.982832606762187 ] ] ], [ [ [ 8.212985673790564, 40.985389401526909 ], [ 8.212854921927448, 40.98538850878127 ], [ 8.212775638512428, 40.985433008086055 ], [ 8.21256760909408, 40.985557700333231 ], [ 8.212610376828779, 40.985585017789525 ], [ 8.212827185394957, 40.985721619707576 ], [ 8.213134804947433, 40.985719215838678 ], [ 8.214598504999186, 40.98571568455359 ], [ 8.213841506127949, 40.985395243105309 ], [ 8.212985673790564, 40.985389401526909 ] ] ], [ [ [ 8.211902013994431, 40.98554864866108 ], [ 8.211726021384511, 40.985353770298708 ], [ 8.211034455615886, 40.985529202013723 ], [ 8.211124965854324, 40.98566494265269 ], [ 8.211158549710468, 40.985714715445731 ], [ 8.211219879120783, 40.985805217416484 ], [ 8.211285830808036, 40.985882236066423 ], [ 8.211432482165831, 40.986045385882086 ], [ 8.211801720015362, 40.985984853259382 ], [ 8.212135725824515, 40.985888047899515 ], [ 8.212007651303747, 40.985661970774906 ], [ 8.211902013994431, 40.98554864866108 ] ] ], [ [ [ 8.253155047095444, 41.028309776664031 ], [ 8.252306665329169, 41.027596020501953 ], [ 8.250883223497453, 41.02829503365453 ], [ 8.25070737912773, 41.028460537473272 ], [ 8.250585314518005, 41.02860387231091 ], [ 8.250652397991054, 41.028850903044145 ], [ 8.250968380354223, 41.029046629099859 ], [ 8.25117985970822, 41.029148219171816 ], [ 8.252409443173136, 41.029683169067049 ], [ 8.252667030434576, 41.029783929469566 ], [ 8.25290214340809, 41.029636821274842 ], [ 8.253016618099457, 41.029506946037117 ], [ 8.253080134020889, 41.029412774587463 ], [ 8.253107352714174, 41.029372413694873 ], [ 8.25327752765544, 41.029050354003559 ], [ 8.253303976583201, 41.028815191807496 ], [ 8.253155047095444, 41.028309776664031 ] ] ], [ [ [ 8.325404666932593, 41.105530319198174 ], [ 8.326249339847491, 41.102121259568847 ], [ 8.330752033176491, 41.099652308229842 ], [ 8.336956499185767, 41.098436077690238 ], [ 8.341978168476164, 41.097591097657315 ], [ 8.343965488242358, 41.097719533569013 ], [ 8.344731034005395, 41.097372580485477 ], [ 8.349493778189258, 41.090166191273767 ], [ 8.350416181513101, 41.088387820945975 ], [ 8.350254920313343, 41.087837427827026 ], [ 8.348494368798733, 41.086476292245216 ], [ 8.34310210532977, 41.085175554389743 ], [ 8.341224107340453, 41.084867569515659 ], [ 8.33633519447277, 41.080452639743307 ], [ 8.334847345090642, 41.073787173891247 ], [ 8.335218053469282, 41.073618160426243 ], [ 8.340597969653677, 41.07127997625674 ], [ 8.339857642666775, 41.066753731619471 ], [ 8.338521027875847, 41.062359177585094 ], [ 8.333194476627302, 41.05123062649853 ], [ 8.332350519827934, 41.049964620543875 ], [ 8.332112414182046, 41.049976751161246 ], [ 8.331910002969414, 41.049989090023189 ], [ 8.331599913141103, 41.050059357438954 ], [ 8.329142142757199, 41.050702660290142 ], [ 8.328175606792465, 41.05096726833596 ], [ 8.327757688636018, 41.051108959506735 ], [ 8.326568420519745, 41.05221000155727 ], [ 8.32608777779398, 41.052666599804276 ], [ 8.325471057365895, 41.053775478229532 ], [ 8.321948218229604, 41.055850289340768 ], [ 8.305006226783693, 41.05900912302392 ], [ 8.290679926419726, 41.062537407087675 ], [ 8.283372596285174, 41.064442420482962 ], [ 8.280347819673336, 41.062280798488139 ], [ 8.277644916027951, 41.059679725060917 ], [ 8.273995148124024, 41.056086249154362 ], [ 8.273218350278702, 41.054897928977823 ], [ 8.272994768611127, 41.054669067174828 ], [ 8.272667865135556, 41.054367490243173 ], [ 8.272284046231455, 41.054236703280694 ], [ 8.267809231695036, 41.054679023980086 ], [ 8.265559993200391, 41.054557742298883 ], [ 8.260144849499126, 41.05249180142799 ], [ 8.257323635679663, 41.051258702307578 ], [ 8.257315889263873, 41.051153935567648 ], [ 8.257733961023272, 41.050879632380664 ], [ 8.257933203917176, 41.050753677669626 ], [ 8.259131523458931, 41.0505361881741 ], [ 8.261410101403388, 41.050281701346393 ], [ 8.267230455040309, 41.046112125557293 ], [ 8.250951595761437, 41.033282540098632 ], [ 8.250558632537691, 41.033054783457509 ], [ 8.245631768329861, 41.031004846524937 ], [ 8.244115117023783, 41.031130027942389 ], [ 8.243899398194785, 41.031529469790669 ], [ 8.243688345123473, 41.031650819175155 ], [ 8.241457245383746, 41.030021469795074 ], [ 8.239389555760857, 41.028414549737974 ], [ 8.23878115041035, 41.02792072383135 ], [ 8.234617103984558, 41.024389027005 ], [ 8.234581278472156, 41.024144446499747 ], [ 8.234749430951988, 41.024003685698318 ], [ 8.235338546380939, 41.023588724057781 ], [ 8.236178949654814, 41.023428772998358 ], [ 8.236759210192499, 41.023393206646951 ], [ 8.237788039999005, 41.023525003290509 ], [ 8.238381792568443, 41.023608873390891 ], [ 8.239699644227048, 41.024207599747456 ], [ 8.2402007500331, 41.024462002989893 ], [ 8.241171209083948, 41.025017887245077 ], [ 8.241338614244642, 41.025588746405177 ], [ 8.241921186431631, 41.025871828641044 ], [ 8.248029991672926, 41.027237151317337 ], [ 8.24858946441525, 41.027070775275121 ], [ 8.248898466394852, 41.026963567269959 ], [ 8.24950158435988, 41.026226585363503 ], [ 8.249540491883867, 41.026073702087288 ], [ 8.24970511912162, 41.020870387346726 ], [ 8.249269021048111, 41.018818222159929 ], [ 8.249161127678946, 41.018369368117035 ], [ 8.249003499543424, 41.017718637207018 ], [ 8.253501329594169, 41.013051290193182 ], [ 8.258365055662454, 41.008041561322443 ], [ 8.263585801880284, 41.002671325597575 ], [ 8.26361227235023, 41.000293365951464 ], [ 8.261118041576749, 40.992996633532627 ], [ 8.255830000470961, 40.984974699235408 ], [ 8.252650715345608, 40.985447325242362 ], [ 8.246081809827393, 40.986451738846469 ], [ 8.239323136031794, 40.988435280926723 ], [ 8.23257638670175, 40.989355552942584 ], [ 8.23019673134338, 40.987484021454364 ], [ 8.211623763572021, 40.987326966087565 ], [ 8.211361314428441, 40.98740399027924 ], [ 8.210287127202003, 40.98776259013129 ], [ 8.209160567173051, 40.98914548702183 ], [ 8.209001587139699, 40.989392118117827 ], [ 8.208651850218954, 40.990181300241048 ], [ 8.210932930873367, 41.003391486827894 ], [ 8.212959227142091, 41.007604212478363 ], [ 8.215315679325922, 41.008318403383363 ], [ 8.221911727242112, 41.011043009947976 ], [ 8.223887598517599, 41.013044854940702 ], [ 8.229284328519572, 41.023203840763415 ], [ 8.227258388826966, 41.025445656048802 ], [ 8.218042509102924, 41.028248045692685 ], [ 8.220321370803479, 41.040898328803323 ], [ 8.220757335260888, 41.041384330949576 ], [ 8.221097345299892, 41.041683894458842 ], [ 8.221696461360837, 41.042208152015959 ], [ 8.223138544570578, 41.043263936302019 ], [ 8.223382317782738, 41.043401825256531 ], [ 8.223692690613071, 41.043441072831861 ], [ 8.228331640432176, 41.043803272581883 ], [ 8.243609988606428, 41.046679025774786 ], [ 8.244620229246054, 41.046908599598524 ], [ 8.248763339667311, 41.049051433676773 ], [ 8.250174344418541, 41.04988260169884 ], [ 8.255777322138639, 41.056088264900858 ], [ 8.257359679281567, 41.061808402065054 ], [ 8.258817234177553, 41.06488724975933 ], [ 8.265468620736687, 41.071995459197957 ], [ 8.266613003785237, 41.073182790383953 ], [ 8.266655712735266, 41.073222472297978 ], [ 8.277224054780639, 41.076514095654012 ], [ 8.277369683044393, 41.076531899068954 ], [ 8.280789982234305, 41.076177216924549 ], [ 8.282270232485434, 41.075930845807051 ], [ 8.28359684890542, 41.075443665548597 ], [ 8.283931595540682, 41.075310626823189 ], [ 8.285290993053763, 41.076740070464403 ], [ 8.285016459899451, 41.080103962274173 ], [ 8.28496505162188, 41.08045382719223 ], [ 8.28436354511954, 41.082541063791666 ], [ 8.281854843744332, 41.08784576935895 ], [ 8.279777544874742, 41.090544189092775 ], [ 8.276108648487781, 41.093953216952599 ], [ 8.275144392114674, 41.094610362668945 ], [ 8.274453689944893, 41.095023759024464 ], [ 8.273867893195588, 41.09523625861403 ], [ 8.273461086698445, 41.09541385117236 ], [ 8.272886594021772, 41.095680465860532 ], [ 8.272680605137463, 41.096003449705542 ], [ 8.272546849891635, 41.09625482714933 ], [ 8.271808443452949, 41.099502020109256 ], [ 8.275188473840688, 41.104275008556598 ], [ 8.275524836477054, 41.104551863827844 ], [ 8.276168612878875, 41.105031077336655 ], [ 8.276748327870997, 41.105109033800922 ], [ 8.277355057957877, 41.105166889755779 ], [ 8.280285680938993, 41.105077138559913 ], [ 8.280655133315541, 41.105052421960501 ], [ 8.291064738182245, 41.104954804840148 ], [ 8.300818412985123, 41.10494234810713 ], [ 8.301686384001817, 41.10507372218882 ], [ 8.3022795116885, 41.105293505443242 ], [ 8.31099876369138, 41.108543789062807 ], [ 8.311223905570218, 41.108653230124361 ], [ 8.311294793089536, 41.108707701772644 ], [ 8.311409967101971, 41.108798469092591 ], [ 8.311590072491377, 41.108943672168991 ], [ 8.311847935874347, 41.109341561934379 ], [ 8.311519425936041, 41.110006183315221 ], [ 8.311023518690703, 41.110732860354823 ], [ 8.310303298633167, 41.11126902415031 ], [ 8.30996549440836, 41.111681366423284 ], [ 8.309938562600593, 41.111978464651649 ], [ 8.311775088036336, 41.117457246516203 ], [ 8.316373947699097, 41.120510155301474 ], [ 8.317186846927941, 41.120662480688594 ], [ 8.318330751635331, 41.12077171958493 ], [ 8.31860239547655, 41.120709145765147 ], [ 8.319439263071821, 41.120271579963216 ], [ 8.319945982720148, 41.119793775786768 ], [ 8.328899288722651, 41.110865399196349 ], [ 8.328731838514695, 41.1097654580797 ], [ 8.328591956832625, 41.109467383170355 ], [ 8.32844034836732, 41.109151221055576 ], [ 8.328064124603941, 41.108671607937751 ], [ 8.327780328482099, 41.108471778585944 ], [ 8.327376248291895, 41.108388348341052 ], [ 8.325404666932593, 41.105530319198174 ] ] ], [ [ [ 9.119310332659801, 41.158203353862739 ], [ 9.119444699575208, 41.158356349509532 ], [ 9.119599849233902, 41.158468787473204 ], [ 9.119993145388699, 41.158454866464858 ], [ 9.119897287274156, 41.158175720449783 ], [ 9.119706077962034, 41.157896674371159 ], [ 9.119574627988495, 41.157707644032634 ], [ 9.119073747736834, 41.157546020885484 ], [ 9.119121977382521, 41.157852239948127 ], [ 9.119261006267559, 41.158113325959796 ], [ 9.119310332659801, 41.158203353862739 ] ] ], [ [ [ 9.119310332659801, 41.158203353862739 ], [ 9.118836396913402, 41.158113764794635 ], [ 9.118826098027599, 41.158185838425929 ], [ 9.11880111430014, 41.158375031048109 ], [ 9.119206549333793, 41.158482707142575 ], [ 9.119242209450498, 41.158428622305586 ], [ 9.119230045645418, 41.158293515975977 ], [ 9.119310332659801, 41.158203353862739 ] ] ], [ [ [ 9.279003153912312, 41.233286918273087 ], [ 9.279092360922306, 41.23321914315067 ], [ 9.279386232422921, 41.233227438366661 ], [ 9.279492034250289, 41.23320466196445 ], [ 9.279627629817337, 41.233172806159843 ], [ 9.279694501194356, 41.233114092666725 ], [ 9.279624070961338, 41.233037697815519 ], [ 9.279246960155367, 41.232745859323956 ], [ 9.27912426952086, 41.232656079095236 ], [ 9.278910849140841, 41.232625068720871 ], [ 9.278791680410377, 41.232661388744411 ], [ 9.27873974440654, 41.232724570396137 ], [ 9.278706030778137, 41.232864271124377 ], [ 9.278704233666685, 41.23314351731414 ], [ 9.278705839989945, 41.23317053700373 ], [ 9.278794148785071, 41.233242385200697 ], [ 9.278835967255436, 41.233255795732823 ], [ 9.278934525737764, 41.233282580606875 ], [ 9.279003153912312, 41.233286918273087 ] ] ], [ [ [ 9.185123512280001, 41.24931180719858 ], [ 9.18482355028147, 41.248751555408468 ], [ 9.184477889796128, 41.248916501062084 ], [ 9.182554771546403, 41.249973475556999 ], [ 9.182519199960909, 41.250057980457598 ], [ 9.182764737115615, 41.250900943700046 ], [ 9.182800795317737, 41.25099096395158 ], [ 9.183424446223359, 41.252061896801109 ], [ 9.183687562659378, 41.25225064012627 ], [ 9.183935227313443, 41.252247992791595 ], [ 9.184921901228559, 41.251356895578084 ], [ 9.185249697475859, 41.250674029346094 ], [ 9.18529843697557, 41.250498299845262 ], [ 9.185123512280001, 41.24931180719858 ] ] ], [ [ [ 9.238748669319307, 41.252865749032729 ], [ 9.237842068313734, 41.252601896101162 ], [ 9.236712683945425, 41.252617735260372 ], [ 9.236494838477217, 41.253028036585498 ], [ 9.236919232174412, 41.25403715906883 ], [ 9.237136875873642, 41.254397021523069 ], [ 9.237731069774634, 41.254908112894839 ], [ 9.237862675239016, 41.254992288583558 ], [ 9.238780806685384, 41.254725785897627 ], [ 9.238868622842597, 41.254667052856455 ], [ 9.239042747421914, 41.254545086687997 ], [ 9.239121231389172, 41.254381657709018 ], [ 9.239137286545329, 41.254283665116844 ], [ 9.239251940769019, 41.254220373020843 ], [ 9.239399354888201, 41.254138996138892 ], [ 9.239407961757852, 41.25404439692786 ], [ 9.239422241902545, 41.253868716345117 ], [ 9.238748669319307, 41.252865749032729 ] ] ], [ [ [ 9.239323574974174, 41.255859636342457 ], [ 9.238976604434043, 41.255637415095869 ], [ 9.238611397846428, 41.255733879794434 ], [ 9.23869481542177, 41.256105277063327 ], [ 9.239218662887541, 41.256550073685993 ], [ 9.239516058681991, 41.256678942009842 ], [ 9.23970625454931, 41.256462360169401 ], [ 9.239656507827851, 41.25632284331747 ], [ 9.239597740632078, 41.256165329558556 ], [ 9.239441743402233, 41.255940460203782 ], [ 9.239323574974174, 41.255859636342457 ] ] ], [ [ [ 9.241835943729045, 41.256188799642267 ], [ 9.241455319954154, 41.256150189235065 ], [ 9.240732074901057, 41.256262049555339 ], [ 9.240321147173585, 41.256911466070846 ], [ 9.240281127103691, 41.256983613100999 ], [ 9.24031025038769, 41.257195233512164 ], [ 9.240646115328156, 41.257233940351782 ], [ 9.240952014474475, 41.257238930482593 ], [ 9.241168326620098, 41.257227217813877 ], [ 9.241227970453057, 41.257215834887852 ], [ 9.242072458092691, 41.257205053751356 ], [ 9.242337559024255, 41.256667408095382 ], [ 9.242359274436776, 41.256487207670425 ], [ 9.241835943729045, 41.256188799642267 ] ] ], [ [ [ 8.863581866647806, 41.01248392939663 ], [ 8.86326232989418, 41.012447517922674 ], [ 8.862462390328835, 41.012527641056664 ], [ 8.862280900323709, 41.012590480069171 ], [ 8.862139458340945, 41.012693904570511 ], [ 8.861092712785066, 41.015620294685228 ], [ 8.861101500207868, 41.015683362750728 ], [ 8.861169760655976, 41.015741997455152 ], [ 8.863811442554761, 41.015781181749233 ], [ 8.863924491582768, 41.015749786524651 ], [ 8.864021352899744, 41.015637299095552 ], [ 8.864009890408813, 41.014704942859787 ], [ 8.863981906785583, 41.013132990055709 ], [ 8.863959774715712, 41.013051889101163 ], [ 8.863794196423587, 41.012605790503919 ], [ 8.863763080352282, 41.012556208544531 ], [ 8.863679907518113, 41.012520078248663 ], [ 8.863581866647806, 41.01248392939663 ] ] ], [ [ [ 9.58803990864509, 40.959452606579383 ], [ 9.588107794359759, 40.959402715024744 ], [ 9.588431909391195, 40.959437094212774 ], [ 9.588668110120887, 40.959440392574706 ], [ 9.58874237680771, 40.959440013358751 ], [ 9.589158218771651, 40.959433385010911 ], [ 9.589219037550967, 40.959424065972044 ], [ 9.58927058038404, 40.959374257254673 ], [ 9.589436175264488, 40.95912118199562 ], [ 9.589533848548113, 40.958746843533689 ], [ 9.589479699154831, 40.958670551299939 ], [ 9.589434818658042, 40.958634747814223 ], [ 9.589237639870507, 40.958509643109018 ], [ 9.589177910288292, 40.958473914509788 ], [ 9.588314613935495, 40.958104483785121 ], [ 9.588086570157822, 40.958015565731827 ], [ 9.588004638856701, 40.957988958900962 ], [ 9.587936198570262, 40.95797579557189 ], [ 9.587860448236416, 40.957976181830631 ], [ 9.587668198566863, 40.958155073692403 ], [ 9.587470760020594, 40.958586219593421 ], [ 9.587417919307539, 40.958825205286466 ], [ 9.587416793378273, 40.958865748085358 ], [ 9.587493255848553, 40.959113083171538 ], [ 9.587525323451173, 40.959212009453182 ], [ 9.587555189313028, 40.959229873726848 ], [ 9.587995269392264, 40.959443826012333 ], [ 9.58803990864509, 40.959452606579383 ] ] ], [ [ [ 9.644542153562556, 40.978121711319446 ], [ 9.642945809188415, 40.977752284893043 ], [ 9.642698134162474, 40.977951844393367 ], [ 9.640387027317223, 40.9798744279516 ], [ 9.640270955676787, 40.980163332966505 ], [ 9.639892166895509, 40.982786800046512 ], [ 9.640132167681548, 40.982866539482544 ], [ 9.640357220124924, 40.982937354167625 ], [ 9.640738286970823, 40.983007303172698 ], [ 9.642188789774124, 40.983035262924766 ], [ 9.64379171342441, 40.982846159570549 ], [ 9.644972285774466, 40.982010813722653 ], [ 9.645388419459826, 40.981562583146506 ], [ 9.645747037820549, 40.981159713267957 ], [ 9.646230317092996, 40.980589493831729 ], [ 9.646498418616114, 40.980047503814738 ], [ 9.646507665944949, 40.979777208081217 ], [ 9.646249798963039, 40.978931890366006 ], [ 9.645640548788311, 40.978620020114171 ], [ 9.644923809820632, 40.978254698836821 ], [ 9.644542153562556, 40.978121711319446 ] ] ], [ [ [ 8.213515702856204, 40.879637289691651 ], [ 8.213068147520005, 40.879345974758792 ], [ 8.212521598655252, 40.879396292399214 ], [ 8.211949391823515, 40.879608581609205 ], [ 8.211729576311793, 40.880129558364978 ], [ 8.211892305132631, 40.880418932525593 ], [ 8.21201316263913, 40.880611184735002 ], [ 8.212218514565675, 40.880934630750097 ], [ 8.212701786194181, 40.881217187131121 ], [ 8.21316228718687, 40.881418509624012 ], [ 8.213529233862046, 40.881502086247316 ], [ 8.21397925664543, 40.881586229711623 ], [ 8.214441574719254, 40.881634419258226 ], [ 8.214720072869747, 40.881167889513854 ], [ 8.214747735184108, 40.881087002232618 ], [ 8.214818530822715, 40.880871286758278 ], [ 8.214800735780644, 40.880745050270733 ], [ 8.214774572150795, 40.880573717088417 ], [ 8.214008600810651, 40.880109077971689 ], [ 8.213856816691969, 40.880022465501355 ], [ 8.213515702856204, 40.879637289691651 ] ] ], [ [ [ 8.174122170057229, 40.938942013028722 ], [ 8.173611523450148, 40.938929346043409 ], [ 8.173469485586541, 40.93912650654439 ], [ 8.173393900289343, 40.939234062189257 ], [ 8.173398702623333, 40.939801610484828 ], [ 8.174038109004499, 40.939968337558895 ], [ 8.174324644850083, 40.939853284128851 ], [ 8.174302460965503, 40.939727011375787 ], [ 8.174364289678294, 40.939650885334714 ], [ 8.174388075743758, 40.939529445861957 ], [ 8.174309191396075, 40.939186572083528 ], [ 8.174122170057229, 40.938942013028722 ] ] ], [ [ [ 8.207475005681099, 40.970064930125993 ], [ 8.207167321235, 40.969954717472362 ], [ 8.206991658091354, 40.96998503874304 ], [ 8.206726651258871, 40.970032758629188 ], [ 8.206273447510064, 40.970164760781735 ], [ 8.205505212850071, 40.970799044875655 ], [ 8.205531330366275, 40.9709748813125 ], [ 8.205549291300162, 40.971087606202971 ], [ 8.205807713676831, 40.97134161347892 ], [ 8.206601460610374, 40.971554264791926 ], [ 8.207088922476581, 40.97153960402585 ], [ 8.207186881688317, 40.971423172545862 ], [ 8.207510791925301, 40.971047059557499 ], [ 8.207693685105307, 40.970660967489309 ], [ 8.20775633745613, 40.970391154977847 ], [ 8.207475005681099, 40.970064930125993 ] ] ], [ [ [ 9.765872732090044, 40.684154272695338 ], [ 9.765696356288734, 40.684123913364047 ], [ 9.765454246791032, 40.68416605669865 ], [ 9.76521213344123, 40.684208200452289 ], [ 9.765047502237152, 40.684299376739055 ], [ 9.764918163806586, 40.68437230264032 ], [ 9.764790781556082, 40.684616378149656 ], [ 9.764983405959022, 40.6849033738999 ], [ 9.767073978852384, 40.685583160083894 ], [ 9.767232505898241, 40.685604628201858 ], [ 9.767393991371792, 40.685626077337915 ], [ 9.76767633376917, 40.685480062513591 ], [ 9.767625588822098, 40.685183117632647 ], [ 9.767216651279142, 40.684609289418432 ], [ 9.76702505329169, 40.684412374887479 ], [ 9.766680347276374, 40.684279536267496 ], [ 9.765872732090044, 40.684154272695338 ] ] ], [ [ [ 9.716141098688398, 40.735403131095396 ], [ 9.715595300343422, 40.735307423155653 ], [ 9.715111412898898, 40.735463566613554 ], [ 9.71519845436624, 40.735850393047137 ], [ 9.715533125106504, 40.736136588685362 ], [ 9.718401646712742, 40.737470040899083 ], [ 9.718745080581682, 40.737467902757189 ], [ 9.718979213203731, 40.737214207083838 ], [ 9.71901571320381, 40.737029306352063 ], [ 9.719035323387672, 40.73692558682545 ], [ 9.719040106192747, 40.736682328121255 ], [ 9.719042316346229, 40.736475120516225 ], [ 9.71887293599606, 40.736142860311325 ], [ 9.71839701669944, 40.73593862875115 ], [ 9.716141098688398, 40.735403131095396 ] ] ], [ [ [ 9.708584229739859, 40.826741002615051 ], [ 9.707461650481129, 40.826702849979789 ], [ 9.707061572275181, 40.826858444731577 ], [ 9.706654799997411, 40.827221270707732 ], [ 9.706655899286204, 40.827743748970192 ], [ 9.707539666047875, 40.828882390029356 ], [ 9.708312447841761, 40.828922689095911 ], [ 9.708639898812468, 40.828767536179079 ], [ 9.708532458721058, 40.82730884582854 ], [ 9.708584229739859, 40.826741002615051 ] ] ], [ [ [ 9.724186576176312, 40.845826208965349 ], [ 9.724134593636846, 40.8458186529637 ], [ 9.723999886971475, 40.845839767336528 ], [ 9.723922417286838, 40.845942722895295 ], [ 9.7239064036697, 40.845969848513974 ], [ 9.724499618140001, 40.846386136180236 ], [ 9.724811936368539, 40.84647088072019 ], [ 9.724910799315785, 40.846426342768922 ], [ 9.724931177335217, 40.846391307258962 ], [ 9.724894855330776, 40.84632397360653 ], [ 9.724662188352575, 40.846064194391943 ], [ 9.724505423179883, 40.845966087858145 ], [ 9.724186576176312, 40.845826208965349 ] ] ], [ [ [ 9.72281927178585, 40.845267261400906 ], [ 9.722115496470591, 40.845045335425247 ], [ 9.721767886154993, 40.845260332000322 ], [ 9.721701376751245, 40.845553518559448 ], [ 9.721759487924894, 40.846126308398681 ], [ 9.721871544810949, 40.846750558734875 ], [ 9.722384172280789, 40.847120067546513 ], [ 9.722912966682166, 40.847475961070693 ], [ 9.723176579404646, 40.8475812822739 ], [ 9.723493423428373, 40.847672758264828 ], [ 9.723948777732369, 40.847683412188609 ], [ 9.724594705718244, 40.847492434711313 ], [ 9.724785722136827, 40.847331336982194 ], [ 9.724712415833526, 40.846999616496056 ], [ 9.724586586298004, 40.846747048240857 ], [ 9.72354167985077, 40.845701887272526 ], [ 9.72281927178585, 40.845267261400906 ] ] ], [ [ [ 9.677324314436055, 40.863961971695844 ], [ 9.676521844792671, 40.863957674524009 ], [ 9.67619609240583, 40.864887437622642 ], [ 9.676231453929216, 40.865301611225966 ], [ 9.676848176711973, 40.865270968865907 ], [ 9.677581270800648, 40.864870301458858 ], [ 9.677324314436055, 40.863961971695844 ] ] ], [ [ [ 9.705849816842983, 39.973137273098146 ], [ 9.703751956807752, 39.97296983619637 ], [ 9.703601381271303, 39.972988769741583 ], [ 9.703401130863186, 39.97301701246699 ], [ 9.702705532922899, 39.973273501974454 ], [ 9.702251751978217, 39.973988015767702 ], [ 9.702261341885036, 39.974924961663703 ], [ 9.702476467571014, 39.975491266091225 ], [ 9.702760606062483, 39.97536340854672 ], [ 9.702709641186496, 39.975246592047867 ], [ 9.705175063991087, 39.974709059172973 ], [ 9.70552543054391, 39.974616830813531 ], [ 9.706508704268813, 39.973439586869638 ], [ 9.706321796108469, 39.973341619892153 ], [ 9.70620258527795, 39.973279277277825 ], [ 9.705849816842983, 39.973137273098146 ] ] ], [ [ [ 9.707492860083192, 39.97575807236057 ], [ 9.707454666547315, 39.975460988334554 ], [ 9.70663298925194, 39.975700251333656 ], [ 9.706678358105432, 39.97626758255182 ], [ 9.706745594712059, 39.976541967226161 ], [ 9.707240348170826, 39.976255145187629 ], [ 9.707413585646044, 39.976019837155732 ], [ 9.707492860083192, 39.97575807236057 ] ] ], [ [ [ 9.70829546518525, 39.976365827976487 ], [ 9.707895649909984, 39.976206095488585 ], [ 9.707770719429782, 39.976441109271839 ], [ 9.707723344175845, 39.976531496623799 ], [ 9.707734798784843, 39.976648550315218 ], [ 9.707749459841647, 39.976792615379608 ], [ 9.707855500626565, 39.976855036774481 ], [ 9.707984684416029, 39.976890284861042 ], [ 9.708054947309211, 39.976889855674628 ], [ 9.708277461383275, 39.976748846492981 ], [ 9.708369076247751, 39.97668972528092 ], [ 9.708567749867871, 39.976508318405102 ], [ 9.708624280038391, 39.976453914514984 ], [ 9.70829546518525, 39.976365827976487 ] ] ], [ [ [ 9.817253853524342, 40.537911607235884 ], [ 9.817193235016616, 40.537903027183781 ], [ 9.816517773986824, 40.537948340582759 ], [ 9.816360948530443, 40.53803953786467 ], [ 9.816339302199482, 40.538080228692351 ], [ 9.816310716143118, 40.538157006524365 ], [ 9.816296886582927, 40.538233677389378 ], [ 9.816882817463586, 40.538837627791523 ], [ 9.816966344962308, 40.538909105934771 ], [ 9.818301404595523, 40.539818550034305 ], [ 9.821075393558797, 40.540947485295007 ], [ 9.821134101677151, 40.540920040723016 ], [ 9.821172257615892, 40.540901751911001 ], [ 9.821215873757051, 40.540847389025267 ], [ 9.821260913142394, 40.540788512500448 ], [ 9.821327212658316, 40.540657414321636 ], [ 9.821370333394187, 40.540562516139822 ], [ 9.821390877104431, 40.540431743198127 ], [ 9.821389886839555, 40.54035067271969 ], [ 9.821312030788329, 40.540139520881247 ], [ 9.819128167768548, 40.53922712294078 ], [ 9.818605412811436, 40.53896506967066 ], [ 9.818499912872882, 40.538907260703205 ], [ 9.818377845726733, 40.538822543439188 ], [ 9.817352741302594, 40.538032525864004 ], [ 9.81735940910686, 40.537973920472766 ], [ 9.81732803107562, 40.53794261158356 ], [ 9.817253853524342, 40.537911607235884 ] ] ], [ [ [ 9.023870849158849, 38.984809450049774 ], [ 9.023432055092982, 38.984656346416195 ], [ 9.023074148744715, 38.984701474641334 ], [ 9.022657165098565, 38.985048491797123 ], [ 9.023120460386242, 38.985097962611079 ], [ 9.023512985205524, 38.984980737135054 ], [ 9.023870849158849, 38.984809450049774 ] ] ], [ [ [ 9.03187718010787, 39.00247192334696 ], [ 9.031670746832726, 39.002471979564888 ], [ 9.031432585977393, 39.0025463876323 ], [ 9.031369134082921, 39.002695090229892 ], [ 9.031273961776417, 39.002930535563763 ], [ 9.031210844433918, 39.003847450293058 ], [ 9.03135381768235, 39.0039713171331 ], [ 9.031909763194884, 39.004305710093867 ], [ 9.032052716219491, 39.004380013647221 ], [ 9.032306851654797, 39.004503848715906 ], [ 9.03249741754289, 39.004516186398547 ], [ 9.032687950439449, 39.004454180141785 ], [ 9.032878462333004, 39.004355002660894 ], [ 9.033005450010972, 39.004243452248133 ], [ 9.033053038288728, 39.004131924215642 ], [ 9.033116389736378, 39.003772583143395 ], [ 9.033068618367841, 39.003487613608939 ], [ 9.032798382263355, 39.002880555454048 ], [ 9.032623615103995, 39.002682357397589 ], [ 9.032067751657452, 39.002509042955921 ], [ 9.03187718010787, 39.00247192334696 ] ] ], [ [ [ 8.276150849870376, 39.881343390754779 ], [ 8.27573072329567, 39.881259680969109 ], [ 8.275072129778243, 39.88147180108124 ], [ 8.274963276856511, 39.881813492527563 ], [ 8.274998919367963, 39.881899308083455 ], [ 8.275075908208162, 39.882084490497689 ], [ 8.275378664012537, 39.882347664727 ], [ 8.275716370016831, 39.882484922043588 ], [ 8.275811438700174, 39.882341359803988 ], [ 8.276305661307434, 39.882191278097253 ], [ 8.276343584984884, 39.881921220810277 ], [ 8.27634671037576, 39.881623917704303 ], [ 8.276207052827253, 39.88142032621365 ], [ 8.276150849870376, 39.881343390754779 ] ] ], [ [ [ 8.312504880911712, 39.995258146333974 ], [ 8.312350966261514, 39.990310946741111 ], [ 8.310475939398239, 39.98879970297088 ], [ 8.309354077568223, 39.988252445607777 ], [ 8.302218715436958, 39.985736562543707 ], [ 8.301316432072825, 39.986496945774476 ], [ 8.301009429961512, 39.990905308892373 ], [ 8.306019290412834, 39.993994183709873 ], [ 8.308839619037025, 39.993682185667751 ], [ 8.310292281849136, 39.994249436155812 ], [ 8.312324564375354, 39.996739159683358 ], [ 8.312504880911712, 39.995258146333974 ] ] ], [ [ [ 8.487232867341181, 40.092232271911548 ], [ 8.487170028603806, 40.092203840535497 ], [ 8.486786859714824, 40.092264083579174 ], [ 8.486554770776221, 40.092318237030867 ], [ 8.48639198806227, 40.092515726483306 ], [ 8.486343719922854, 40.09269457636946 ], [ 8.486712642996936, 40.092579087899772 ], [ 8.48695404642266, 40.09245627541771 ], [ 8.487142502398239, 40.092354627607875 ], [ 8.487232867341181, 40.092232271911548 ] ] ], [ [ [ 8.487752021196911, 40.09281005237672 ], [ 8.48749004108114, 40.092743575762739 ], [ 8.487274997564297, 40.092871009935116 ], [ 8.487161289010222, 40.09297749460751 ], [ 8.487039959846648, 40.09312223439693 ], [ 8.486763094454632, 40.093475758085688 ], [ 8.486798041147145, 40.093508573605106 ], [ 8.487327433946474, 40.093504160691168 ], [ 8.487616367084824, 40.093496428641984 ], [ 8.48778606350924, 40.092963366046085 ], [ 8.487752021196911, 40.09281005237672 ] ] ], [ [ [ 8.485953618403556, 40.094260501764069 ], [ 8.485920588347982, 40.094168008647117 ], [ 8.485542060136359, 40.094389313702052 ], [ 8.485579565748459, 40.094666523449881 ], [ 8.485780329819669, 40.094489475428617 ], [ 8.4859002970873, 40.094331216567852 ], [ 8.485953618403556, 40.094260501764069 ] ] ], [ [ [ 8.486545725300982, 40.094497375550652 ], [ 8.486518923686878, 40.094356484552485 ], [ 8.486354109176686, 40.094433460658664 ], [ 8.486262043549523, 40.094586214547071 ], [ 8.486213275061901, 40.094831506035774 ], [ 8.486516655365666, 40.094658293161515 ], [ 8.486545725300982, 40.094497375550652 ] ] ], [ [ [ 8.455168114422804, 40.210352630426897 ], [ 8.455205231035478, 40.210303254290096 ], [ 8.455466782492262, 40.210475661901029 ], [ 8.45562430692385, 40.210431356699509 ], [ 8.455864519833503, 40.210333381776572 ], [ 8.456238761204306, 40.210006299772964 ], [ 8.456298522445381, 40.209880449694033 ], [ 8.456351371195112, 40.20970051247437 ], [ 8.45627664792756, 40.209492946936038 ], [ 8.456142345422816, 40.20938870872132 ], [ 8.45579176900395, 40.209328499897026 ], [ 8.454316999135026, 40.210064827656723 ], [ 8.453956546267854, 40.210319892323845 ], [ 8.45398674007483, 40.210401120305285 ], [ 8.454075797351088, 40.210469109998613 ], [ 8.454181047076268, 40.210532670373652 ], [ 8.454405092982585, 40.210619316867252 ], [ 8.454518012502827, 40.210642372563782 ], [ 8.455071918176868, 40.210442269864977 ], [ 8.455123616285269, 40.210406477408995 ], [ 8.455168114422804, 40.210352630426897 ] ] ], [ [ [ 8.403793292828183, 40.053263030821292 ], [ 8.403607260249748, 40.053253063724775 ], [ 8.403479688657864, 40.053261416609004 ], [ 8.403270811239151, 40.053350436431323 ], [ 8.402888981221244, 40.053609746799729 ], [ 8.40285781345816, 40.053654633434135 ], [ 8.402871917655229, 40.053717773564919 ], [ 8.403052842126765, 40.054313335400842 ], [ 8.403104971540619, 40.054385681944353 ], [ 8.403291004768818, 40.054395649855373 ], [ 8.403402617737015, 40.054369195743561 ], [ 8.403501116390673, 40.05433366347151 ], [ 8.403576168520786, 40.054298013121489 ], [ 8.404106481711404, 40.05398540559969 ], [ 8.404234760613317, 40.053895970761737 ], [ 8.404272416995708, 40.053779040046599 ], [ 8.404304446717758, 40.053635052384521 ], [ 8.404210119163389, 40.053359775300692 ], [ 8.404150546741663, 40.053300905415362 ], [ 8.404046735053772, 40.053273344377246 ], [ 8.403793292828183, 40.053263030821292 ] ] ], [ [ [ 8.377429492734603, 40.359986302938538 ], [ 8.377153120142623, 40.35994427549214 ], [ 8.377099877151123, 40.359971014403641 ], [ 8.376673105403825, 40.360275025392141 ], [ 8.376554218745696, 40.360715829474302 ], [ 8.376562470324988, 40.360778936221735 ], [ 8.376644324833155, 40.360842442403303 ], [ 8.376756243396988, 40.360838540997868 ], [ 8.376913837969802, 40.360830380997484 ], [ 8.377603347714015, 40.360771030524404 ], [ 8.3776933505759, 40.360748991963 ], [ 8.377985937961736, 40.360628943275927 ], [ 8.378052595429946, 40.360584255089996 ], [ 8.378112180960171, 40.360507999504257 ], [ 8.378120410516233, 40.360413448544755 ], [ 8.378104714406097, 40.36035930832189 ], [ 8.378044774552309, 40.360313942030466 ], [ 8.377639292539225, 40.3600640108194 ], [ 8.377520469511129, 40.360018325574515 ], [ 8.377429492734603, 40.359986302938538 ] ] ], [ [ [ 8.263141743154103, 39.17497840431728 ], [ 8.263059642311196, 39.174941843175063 ], [ 8.262855238179799, 39.174976592196074 ], [ 8.262703527324744, 39.175092773586279 ], [ 8.262275461332687, 39.175482038011936 ], [ 8.262203250102951, 39.175745146978556 ], [ 8.262386785375215, 39.175768836269761 ], [ 8.262684387302322, 39.175678358614704 ], [ 8.262627955810814, 39.175539459334679 ], [ 8.262786300352751, 39.175342222529061 ], [ 8.262928376416086, 39.175178674494568 ], [ 8.263141743154103, 39.17497840431728 ] ] ], [ [ [ 8.319517418603702, 39.185350380146268 ], [ 8.319420786734877, 39.185165091472307 ], [ 8.318315610829602, 39.185256623882331 ], [ 8.317836294231784, 39.185732522077174 ], [ 8.31790239801858, 39.186080953886652 ], [ 8.318010939380363, 39.186531006196404 ], [ 8.31813562012792, 39.186659012710194 ], [ 8.318877894639414, 39.186380638778544 ], [ 8.31906119466292, 39.186283717111017 ], [ 8.319170594987089, 39.186195374298499 ], [ 8.319725169031535, 39.185568980408142 ], [ 8.319517418603702, 39.185350380146268 ] ] ], [ [ [ 8.308209596117637, 39.180184763884128 ], [ 8.308796264084165, 39.16933914804364 ], [ 8.308856634729038, 39.168049823945516 ], [ 8.308645348973595, 39.165983948762992 ], [ 8.308136777778346, 39.16516995157469 ], [ 8.307317832222282, 39.164580504566295 ], [ 8.306830849116773, 39.164222803832203 ], [ 8.306460511395672, 39.163774561069779 ], [ 8.306355653738477, 39.163402237222407 ], [ 8.305972182616657, 39.16075750852962 ], [ 8.305936524099836, 39.160263950792014 ], [ 8.307312512759507, 39.156123743384121 ], [ 8.307735242664506, 39.155355822661313 ], [ 8.310120828410634, 39.149430649819834 ], [ 8.308821527993658, 39.141251169934215 ], [ 8.307601851824272, 39.130139077071199 ], [ 8.307679945019279, 39.129400643544074 ], [ 8.30780455749318, 39.129080366871264 ], [ 8.308622687614649, 39.127937453256763 ], [ 8.309423564307728, 39.126633360191519 ], [ 8.310181019225503, 39.11317208889588 ], [ 8.310177608179012, 39.112928771337359 ], [ 8.31010024718476, 39.112558863286623 ], [ 8.307816528873975, 39.104804894379185 ], [ 8.304852186577111, 39.101789977025923 ], [ 8.296366685208021, 39.098140309607196 ], [ 8.290171554309461, 39.095508714880197 ], [ 8.281287669158999, 39.096225854084935 ], [ 8.273563722632355, 39.098270783965383 ], [ 8.273536171659256, 39.099405997016355 ], [ 8.273527430675308, 39.099694292645168 ], [ 8.272539915180628, 39.099995634505177 ], [ 8.262054597562809, 39.10311286165576 ], [ 8.25814470066017, 39.103892277280238 ], [ 8.257196726693072, 39.103995497282455 ], [ 8.255984156886868, 39.103965237499075 ], [ 8.255218706837622, 39.103895020835381 ], [ 8.254801290402716, 39.103859688426063 ], [ 8.247908595801583, 39.108476344918024 ], [ 8.247737609133884, 39.108921283991712 ], [ 8.247489411049536, 39.109828660497548 ], [ 8.247256463091496, 39.11079696010642 ], [ 8.247421059074219, 39.111089753826377 ], [ 8.252839082895276, 39.115269641595496 ], [ 8.252187126935796, 39.129070214476677 ], [ 8.252098170065025, 39.129276894904208 ], [ 8.250320489532701, 39.133402613870764 ], [ 8.239428619951518, 39.141491426894113 ], [ 8.236054780769622, 39.142772560778035 ], [ 8.234276904255113, 39.143326328587889 ], [ 8.233775027059753, 39.143323030194075 ], [ 8.228027842353324, 39.142307422145677 ], [ 8.226250465245538, 39.141622071587548 ], [ 8.225530867420408, 39.141161115431757 ], [ 8.224823826266139, 39.140743038646981 ], [ 8.224377419958765, 39.140826798442781 ], [ 8.224096012553044, 39.141032175881818 ], [ 8.220446751688181, 39.145754312127607 ], [ 8.219604980973271, 39.147580139755988 ], [ 8.219609899605528, 39.147789675634854 ], [ 8.226637983721215, 39.160928201177846 ], [ 8.230517081744249, 39.16435998744938 ], [ 8.249442969166807, 39.170409195237397 ], [ 8.249950122383169, 39.170478915483102 ], [ 8.250824336909533, 39.170593797760901 ], [ 8.25234849607021, 39.170549520415811 ], [ 8.252730081834828, 39.170452848696002 ], [ 8.252887047825746, 39.170387400434016 ], [ 8.253256537774286, 39.17020279459674 ], [ 8.253712065088497, 39.169818244362943 ], [ 8.254362227233573, 39.169362853992816 ], [ 8.255342819304731, 39.168720342225953 ], [ 8.25595870680171, 39.168769329231353 ], [ 8.256375427451092, 39.168907152477104 ], [ 8.263182856982377, 39.173257590112506 ], [ 8.265044745006042, 39.174693064628158 ], [ 8.265488997273634, 39.175110367035153 ], [ 8.266218308174166, 39.175808798536366 ], [ 8.266434117041054, 39.176069218093204 ], [ 8.271684833396622, 39.179798860995923 ], [ 8.289352171136398, 39.180369762189706 ], [ 8.289704357857774, 39.180174798099181 ], [ 8.289880138318953, 39.180108286585636 ], [ 8.296479314068847, 39.178950999974226 ], [ 8.302893106805108, 39.18364816816139 ], [ 8.303480462662755, 39.1842587862836 ], [ 8.304219341801385, 39.185061788708452 ], [ 8.304358530363592, 39.185477119185137 ], [ 8.304713822170472, 39.18643439163295 ], [ 8.304927650331095, 39.186913244157168 ], [ 8.305126663034455, 39.186986516864586 ], [ 8.306931217687957, 39.187456818938088 ], [ 8.309103469078641, 39.187922515826457 ], [ 8.308209596117637, 39.180184763884128 ] ] ], [ [ [ 8.324118137457818, 39.189307022938316 ], [ 8.320308633028016, 39.189004398441107 ], [ 8.318904613598624, 39.189310453098706 ], [ 8.317132592498455, 39.190400530274594 ], [ 8.317076575720847, 39.192000756757295 ], [ 8.317119242179535, 39.192228530995031 ], [ 8.318696065184648, 39.19441951425803 ], [ 8.319125559907981, 39.194911991409292 ], [ 8.319688376286454, 39.195389475502644 ], [ 8.319953386312996, 39.195377506261259 ], [ 8.320759988695857, 39.194440576072033 ], [ 8.322813316754841, 39.193152713166619 ], [ 8.324932755566635, 39.191754813611048 ], [ 8.325190545848574, 39.191285490226768 ], [ 8.325145543161794, 39.190996881498059 ], [ 8.324949674045325, 39.189986532069305 ], [ 8.324833896154717, 39.18983380168104 ], [ 8.324118137457818, 39.189307022938316 ] ] ], [ [ [ 8.865144794111487, 38.881517606756809 ], [ 8.865006453289027, 38.881512941151982 ], [ 8.864837765259626, 38.881553298840267 ], [ 8.864736601583434, 38.881701869333412 ], [ 8.864649842817057, 38.881854964001221 ], [ 8.864549772204249, 38.882188272046207 ], [ 8.864516324785273, 38.882345933290736 ], [ 8.864588181045029, 38.882451901257532 ], [ 8.864668685703109, 38.882557879201094 ], [ 8.864848913297608, 38.882515284040174 ], [ 8.864994600288284, 38.882445614973307 ], [ 8.865327854806756, 38.88226238976317 ], [ 8.865463869185483, 38.881973053700165 ], [ 8.865342043560704, 38.881616960359608 ], [ 8.86529166275591, 38.881585361881079 ], [ 8.865144794111487, 38.881517606756809 ] ] ], [ [ [ 8.890739140480486, 38.896796240468824 ], [ 8.890512869130085, 38.896773498835643 ], [ 8.890276152375243, 38.896979413200256 ], [ 8.890099928492141, 38.897216924324049 ], [ 8.890039182939898, 38.897349786946933 ], [ 8.889843214034848, 38.898237227146915 ], [ 8.890085026692308, 38.898469499633883 ], [ 8.890425192391218, 38.898484463056555 ], [ 8.890868207284191, 38.898171730645146 ], [ 8.891227713677681, 38.897792460672889 ], [ 8.891318853216852, 38.897578523926271 ], [ 8.891222846492651, 38.897203332114977 ], [ 8.891058847705077, 38.896990284025627 ], [ 8.890995525403914, 38.896922640381689 ], [ 8.890907700672965, 38.896854971109491 ], [ 8.890739140480486, 38.896796240468824 ] ] ], [ [ [ 8.401430570791609, 39.333585824517733 ], [ 8.399931228961316, 39.333207540442935 ], [ 8.398508329507379, 39.333219344907384 ], [ 8.397896735194628, 39.333673472540447 ], [ 8.397741321900765, 39.333868652114077 ], [ 8.397743082309049, 39.334001566940209 ], [ 8.398112849499503, 39.334687164081238 ], [ 8.398222718715822, 39.334729406837042 ], [ 8.398316795022158, 39.334752420031073 ], [ 8.398637057265798, 39.334784487265559 ], [ 8.398686404936887, 39.334780236842114 ], [ 8.398734372127942, 39.334768093968506 ], [ 8.398773841031129, 39.334732254888586 ], [ 8.400945705032333, 39.334657851958944 ], [ 8.401094574442885, 39.334633838513788 ], [ 8.401178244881814, 39.334601606871217 ], [ 8.401652471095831, 39.334267271017673 ], [ 8.40172582016957, 39.334169658044793 ], [ 8.401779270007998, 39.334024634557608 ], [ 8.401762442067506, 39.333956969308979 ], [ 8.401716934208016, 39.333850858288841 ], [ 8.401694153839122, 39.333801183015424 ], [ 8.401674214218756, 39.333758279495243 ], [ 8.401642642133806, 39.333718697003604 ], [ 8.40156056227292, 39.333649567219531 ], [ 8.401511490534189, 39.333621158145831 ], [ 8.401430570791609, 39.333585824517733 ] ] ], [ [ [ 9.627721000137083, 39.30858080712499 ], [ 9.627734610168845, 39.308481616160748 ], [ 9.627887400082191, 39.308543867589954 ], [ 9.628013288707237, 39.308516156234049 ], [ 9.628035840957772, 39.308443949307659 ], [ 9.628103337491048, 39.308209306918741 ], [ 9.627846243974187, 39.307994437021243 ], [ 9.627776496085659, 39.307976791613726 ], [ 9.627509176575018, 39.307915157422123 ], [ 9.627421219860976, 39.308456274174148 ], [ 9.627689185318964, 39.308589989438012 ], [ 9.627721000137083, 39.30858080712499 ] ] ], [ [ [ 8.356685896486416, 39.225957164907463 ], [ 8.356515353156999, 39.225920181138889 ], [ 8.356316020783831, 39.226022704155902 ], [ 8.356189421362153, 39.226089584384795 ], [ 8.356124555367199, 39.226215377425873 ], [ 8.356103622337336, 39.226287347942609 ], [ 8.356058697585208, 39.226449295636783 ], [ 8.355984332922946, 39.226980521641664 ], [ 8.356031582742503, 39.227039352754609 ], [ 8.356190551073542, 39.227233965630973 ], [ 8.356481239989925, 39.227118431270199 ], [ 8.35700929520323, 39.226382460635492 ], [ 8.357115696153663, 39.22614876654648 ], [ 8.356827560579436, 39.225984979880984 ], [ 8.356685896486416, 39.225957164907463 ] ] ], [ [ [ 8.355784054783678, 39.227344353389078 ], [ 8.355761420512676, 39.227285656522838 ], [ 8.355538874516052, 39.227392555224505 ], [ 8.355419592531389, 39.22745046689127 ], [ 8.35531922059757, 39.227499469503627 ], [ 8.355274458131456, 39.227643395074203 ], [ 8.355235655159779, 39.227769332735377 ], [ 8.355205255083233, 39.228084541944966 ], [ 8.355184366893088, 39.228309697611571 ], [ 8.3552863226298, 39.228562563221331 ], [ 8.355357488450894, 39.228540431680806 ], [ 8.355485335194585, 39.228496083816054 ], [ 8.355600106219374, 39.228456169817967 ], [ 8.355885887782419, 39.227610734172437 ], [ 8.355784054783678, 39.227344353389078 ] ] ], [ [ [ 8.410013839863845, 38.863213237146262 ], [ 8.410126547911883, 38.863173254855987 ], [ 8.410459127105788, 38.863201968537155 ], [ 8.410586057127295, 38.863184586258363 ], [ 8.410954288241632, 38.863082813085136 ], [ 8.412029406169392, 38.862344790822476 ], [ 8.412179910825897, 38.86208872517205 ], [ 8.412403418177229, 38.861540154767795 ], [ 8.41239408066858, 38.86127427032919 ], [ 8.412145718703011, 38.860642223880369 ], [ 8.411963468011351, 38.86037997465391 ], [ 8.410886826572581, 38.859734739890783 ], [ 8.410176135437881, 38.859438283733063 ], [ 8.408511315724899, 38.859191062117603 ], [ 8.408174726125139, 38.859648936653961 ], [ 8.407796751594999, 38.86092664046835 ], [ 8.408252650206697, 38.863109708348027 ], [ 8.408331314487928, 38.863353412860981 ], [ 8.409101303868239, 38.863451932434927 ], [ 8.409756650960592, 38.863302051392381 ], [ 8.410013839863845, 38.863213237146262 ] ] ], [ [ [ 8.45014951139928, 38.934738439330779 ], [ 8.449590533791064, 38.934474478807196 ], [ 8.449230951681617, 38.934535860516867 ], [ 8.448140825074654, 38.935071389484087 ], [ 8.448098558522938, 38.93531449570726 ], [ 8.448063102919937, 38.935981163892151 ], [ 8.448131184950073, 38.936314903677655 ], [ 8.449338043185179, 38.939150148516582 ], [ 8.449573922846016, 38.939421598345625 ], [ 8.450205836767333, 38.939397544189497 ], [ 8.450454459526377, 38.939326623173201 ], [ 8.451239711786819, 38.937933567747592 ], [ 8.451445092959231, 38.937483968423663 ], [ 8.451609026020801, 38.936610643317444 ], [ 8.45162196683378, 38.936241242532013 ], [ 8.45014951139928, 38.934738439330779 ] ] ], [ [ [ 8.450225409285737, 38.940785373495032 ], [ 8.449967727166021, 38.940721081792503 ], [ 8.44980631140705, 38.940891534198592 ], [ 8.449779775099426, 38.941152737661504 ], [ 8.449838190420399, 38.941432361563038 ], [ 8.450023461816805, 38.941721595474206 ], [ 8.450288129146672, 38.942002193470358 ], [ 8.450495192639844, 38.942084268891499 ], [ 8.450678226281289, 38.942103153148039 ], [ 8.450889499228488, 38.94201403546348 ], [ 8.450992404616857, 38.941762202364252 ], [ 8.45096894491965, 38.94143768576857 ], [ 8.45083613280527, 38.941265847845116 ], [ 8.450512661511379, 38.941129155114787 ], [ 8.450379433671539, 38.941011381071 ], [ 8.450225409285737, 38.940785373495032 ] ] ], [ [ [ 8.463052820916275, 39.081400389238958 ], [ 8.462995637139196, 39.081317900067596 ], [ 8.46287420319732, 39.081322972726653 ], [ 8.462785570809027, 39.081385643361429 ], [ 8.46291988678804, 39.081778242560318 ], [ 8.463104202114394, 39.082057309673907 ], [ 8.463200164734074, 39.082171514528355 ], [ 8.463337986298574, 39.082292672126428 ], [ 8.463441425184099, 39.082374249382738 ], [ 8.463498939585994, 39.082412809599752 ], [ 8.463644994423605, 39.082401091188849 ], [ 8.463733295896049, 39.082382350439445 ], [ 8.463864169917315, 39.082275945784176 ], [ 8.463864988363916, 39.082167816672673 ], [ 8.463703847398021, 39.082072457691574 ], [ 8.463469147520259, 39.081957613155218 ], [ 8.46321960384638, 39.081704156109879 ], [ 8.463108078113901, 39.081545947552563 ], [ 8.463052820916275, 39.081400389238958 ] ] ], [ [ [ 8.437407438039511, 39.104933476905373 ], [ 8.437327931065333, 39.104933093207201 ], [ 8.43719031137949, 39.104968473349707 ], [ 8.437086748176421, 39.105083991324882 ], [ 8.43705114162163, 39.105198710077396 ], [ 8.437174778356384, 39.105467383759731 ], [ 8.43725488073995, 39.105574776395393 ], [ 8.437493502284324, 39.10574601255076 ], [ 8.437595723212876, 39.105799444144992 ], [ 8.437721278067674, 39.105827083070103 ], [ 8.437881957857714, 39.105800824601722 ], [ 8.438031275793094, 39.105748605122159 ], [ 8.438192312930621, 39.10567729423007 ], [ 8.438353698359906, 39.105562054757982 ], [ 8.438375874519922, 39.105500209347525 ], [ 8.438296867494591, 39.105436752789188 ], [ 8.437921892969189, 39.105140959171166 ], [ 8.437841645748527, 39.105051588495812 ], [ 8.437407438039511, 39.104933476905373 ] ] ], [ [ [ 8.825370048544833, 38.881201315037174 ], [ 8.824625548789493, 38.880970407073221 ], [ 8.824521754815351, 38.880983768451586 ], [ 8.824435086991032, 38.881064741077886 ], [ 8.824452048065702, 38.8811999386579 ], [ 8.824546848785852, 38.881328494559035 ], [ 8.824901792271113, 38.881742427711139 ], [ 8.825212863731172, 38.881830755248757 ], [ 8.825316840840561, 38.881743049300844 ], [ 8.825403573500754, 38.881635041531808 ], [ 8.825560938702036, 38.881520380576895 ], [ 8.82553404123755, 38.881323214937957 ], [ 8.825370048544833, 38.881201315037174 ] ] ], [ [ [ 8.827509551446903, 38.881442172195001 ], [ 8.827310874502656, 38.881359650137426 ], [ 8.826954815569474, 38.881399673155833 ], [ 8.826314538405839, 38.881568814385226 ], [ 8.826209089848589, 38.881670036332856 ], [ 8.826200161890609, 38.881784919170904 ], [ 8.826269053589279, 38.881901045146932 ], [ 8.826348022220317, 38.882022817371009 ], [ 8.826486273674632, 38.88206357296005 ], [ 8.826711025428112, 38.882090941282648 ], [ 8.827283095912254, 38.882118823380786 ], [ 8.827412831917387, 38.882105497894464 ], [ 8.827559992479699, 38.882038130610994 ], [ 8.8276812609062, 38.881950446288442 ], [ 8.827795325971719, 38.881861626577205 ], [ 8.827821397254908, 38.881807597633326 ], [ 8.827813190747884, 38.881625102017338 ], [ 8.827509551446903, 38.881442172195001 ] ] ], [ [ [ 8.813305123633679, 38.889912492870138 ], [ 8.812248134338862, 38.889558225236755 ], [ 8.811763462344759, 38.88970725872516 ], [ 8.811780116013644, 38.889950594737641 ], [ 8.812276663877004, 38.891861820984303 ], [ 8.812380846375056, 38.892255111219804 ], [ 8.812466790950987, 38.892459132972412 ], [ 8.812656553307207, 38.892648677557446 ], [ 8.813089692563844, 38.89292084170836 ], [ 8.813608123535413, 38.893097393101129 ], [ 8.814181301226139, 38.892732218425905 ], [ 8.814406927169404, 38.892435200015775 ], [ 8.813822890397002, 38.890888808111505 ], [ 8.813770089215232, 38.890685966602938 ], [ 8.813442920264444, 38.890130114152122 ], [ 8.813305123633679, 38.889912492870138 ] ] ], [ [ [ 8.765916032961504, 38.914130904362871 ], [ 8.765638256428657, 38.913981657763948 ], [ 8.76499661580841, 38.913993886095177 ], [ 8.764909484701004, 38.914182948930822 ], [ 8.76489124281977, 38.91446789735015 ], [ 8.765203445006282, 38.914671283793055 ], [ 8.765721600655654, 38.91494379173723 ], [ 8.766000450097616, 38.914767503511314 ], [ 8.766018550784148, 38.914524230908754 ], [ 8.765916032961504, 38.914130904362871 ] ] ], [ [ [ 8.716861602712184, 38.9127020714946 ], [ 8.716256578490221, 38.912209482984615 ], [ 8.71526271145831, 38.912333221200235 ], [ 8.715018421177847, 38.912491451400825 ], [ 8.714489835532584, 38.913075900000685 ], [ 8.714366018278326, 38.913392124045096 ], [ 8.714243570505733, 38.913725244187454 ], [ 8.714242301247566, 38.914041767946919 ], [ 8.71484572618767, 38.915294698904475 ], [ 8.715349078109545, 38.915977413810118 ], [ 8.716281059863846, 38.916200461474311 ], [ 8.717739994876597, 38.9162524353642 ], [ 8.718286385212274, 38.916269523348888 ], [ 8.718794281356551, 38.915811168541609 ], [ 8.718998701057561, 38.915526674068616 ], [ 8.719120938863247, 38.915241983335889 ], [ 8.716861602712184, 38.9127020714946 ] ] ], [ [ [ 9.658558526132506, 39.524248478763461 ], [ 9.658506090276767, 39.524239765383101 ], [ 9.658078024813003, 39.524341303308894 ], [ 9.658011384212626, 39.52436871183609 ], [ 9.657974125103573, 39.524427489624806 ], [ 9.657981446463308, 39.525049161455961 ], [ 9.657994875032372, 39.525085128059366 ], [ 9.658032857293209, 39.525102933914475 ], [ 9.658076485402315, 39.525102686939292 ], [ 9.658179142028608, 39.525039033648191 ], [ 9.658297581555217, 39.524952763917071 ], [ 9.65840289335652, 39.524862064106621 ], [ 9.658529293142909, 39.524694656997568 ], [ 9.658661126306436, 39.524486670230203 ], [ 9.658684654674586, 39.524360393611666 ], [ 9.658655018644357, 39.524301993745873 ], [ 9.658618364405633, 39.524270664021891 ], [ 9.658558526132506, 39.524248478763461 ] ] ], [ [ [ 9.659343136004637, 39.524171947694576 ], [ 9.659268797671684, 39.524154348457266 ], [ 9.659158404757264, 39.524168490123067 ], [ 9.659025551679497, 39.524268357193726 ], [ 9.658566243099228, 39.524757519769118 ], [ 9.658579792144806, 39.524960175843233 ], [ 9.658927269019541, 39.525102372663 ], [ 9.658979580159663, 39.525097570915534 ], [ 9.659037536869558, 39.525074716282234 ], [ 9.659024240804554, 39.524899090119142 ], [ 9.659652745933903, 39.524616203797443 ], [ 9.659719170636221, 39.524566268584884 ], [ 9.659748943911831, 39.524485007557757 ], [ 9.659764514439773, 39.524439867945233 ], [ 9.659765286605536, 39.524367780134121 ], [ 9.659741634881296, 39.524327368341652 ], [ 9.659343136004637, 39.524171947694576 ] ] ], [ [ [ 9.537048988799553, 39.08098203193105 ], [ 9.536955166692893, 39.080806748393591 ], [ 9.536562162253551, 39.080817568632014 ], [ 9.536203839829001, 39.080828228067013 ], [ 9.535777513757058, 39.08101942008421 ], [ 9.535664015945732, 39.081299284469942 ], [ 9.535748009923106, 39.081704397594514 ], [ 9.53585321765493, 39.081857101887273 ], [ 9.535935034013891, 39.081973869901418 ], [ 9.536244023314808, 39.081936404721588 ], [ 9.536316211962605, 39.081927063368354 ], [ 9.536515961903449, 39.081777460504483 ], [ 9.536569123238245, 39.081736665719127 ], [ 9.53681033884043, 39.081528300866843 ], [ 9.537084184585508, 39.081049452544207 ], [ 9.537048988799553, 39.08098203193105 ] ] ], [ [ [ 9.540451735446595, 39.08298028441633 ], [ 9.540049855798028, 39.081828729585204 ], [ 9.539657188378506, 39.081884613541831 ], [ 9.538961761355871, 39.083176414045795 ], [ 9.538978412637737, 39.083275458779184 ], [ 9.539010130696159, 39.083455533267681 ], [ 9.539104172123894, 39.083468615229336 ], [ 9.539203992037908, 39.08348167039378 ], [ 9.539271984629274, 39.083490367101732 ], [ 9.539357318378709, 39.083498983557952 ], [ 9.539448431758638, 39.083507573212991 ], [ 9.539715927212317, 39.083524356757863 ], [ 9.5399004309761, 39.083460425490017 ], [ 9.540004207585765, 39.083423900351448 ], [ 9.540096219917121, 39.083360397078657 ], [ 9.540199722551145, 39.083287830257021 ], [ 9.540451735446595, 39.08298028441633 ] ] ], [ [ [ 9.541643676484481, 39.08331041615336 ], [ 9.541373513752891, 39.083133702493704 ], [ 9.540650763545662, 39.083304886673105 ], [ 9.540022647788243, 39.08375722460076 ], [ 9.540224809017868, 39.083924119812899 ], [ 9.540656756203244, 39.084089948528643 ], [ 9.541285256760419, 39.083877525334806 ], [ 9.541458687834567, 39.083688614284817 ], [ 9.541643676484481, 39.08331041615336 ] ] ], [ [ [ 9.536765509950072, 39.084957220438881 ], [ 9.537179997626668, 39.084536297058683 ], [ 9.536532205397343, 39.084494223892733 ], [ 9.536267448456892, 39.084648630398888 ], [ 9.536037921192545, 39.084874962601617 ], [ 9.536239111507037, 39.084914586766224 ], [ 9.536292209424975, 39.084864782171799 ], [ 9.536315844693588, 39.084932256139773 ], [ 9.536385316531263, 39.084945453294431 ], [ 9.536451864980943, 39.084954158285527 ], [ 9.536547316731044, 39.08496273024214 ], [ 9.536744002343399, 39.084979847304432 ], [ 9.536765509950072, 39.084957220438881 ] ] ], [ [ [ 9.53513763521336, 39.088141104163178 ], [ 9.535228021260597, 39.087861346678004 ], [ 9.535124234499481, 39.087897866704772 ], [ 9.535077917383207, 39.087889068125733 ], [ 9.534515588478591, 39.086918452257343 ], [ 9.534008094217603, 39.085551095663391 ], [ 9.534063865152683, 39.085280507721812 ], [ 9.534292448415329, 39.084928030411589 ], [ 9.534361139204663, 39.084837603290218 ], [ 9.534936565983905, 39.084483532870017 ], [ 9.536228601784746, 39.084099133735883 ], [ 9.535991234314654, 39.083289228286418 ], [ 9.535627106119062, 39.082533971469104 ], [ 9.535023739692798, 39.082248387484633 ], [ 9.534502669366343, 39.082142644315418 ], [ 9.534167596098115, 39.082171213229728 ], [ 9.534086737077873, 39.082180594769504 ], [ 9.533775194687454, 39.082263120765518 ], [ 9.526752013356141, 39.084664972407751 ], [ 9.526707577971273, 39.084908472301379 ], [ 9.527522581927148, 39.087220633213541 ], [ 9.529282679860062, 39.090082680673369 ], [ 9.529313401051621, 39.09013210247182 ], [ 9.529549861117662, 39.090054435909927 ], [ 9.532282466553017, 39.08978517669361 ], [ 9.534222513571121, 39.089451904846243 ], [ 9.534486411034841, 39.089180364008492 ], [ 9.535001271390049, 39.088457117095487 ], [ 9.53513763521336, 39.088141104163178 ] ] ], [ [ [ 9.606444648553479, 39.144705493441606 ], [ 9.606728771788831, 39.144271488909695 ], [ 9.606867703967024, 39.144279776618042 ], [ 9.607111333294775, 39.144183893801724 ], [ 9.607189168715841, 39.144151948827201 ], [ 9.607462178612552, 39.143772065662013 ], [ 9.608416850756688, 39.14242895872183 ], [ 9.608057687816958, 39.139182382045441 ], [ 9.607879427914556, 39.137795622780395 ], [ 9.60667472796084, 39.134436303054969 ], [ 9.606535406111661, 39.134211753795455 ], [ 9.605372505948763, 39.133523955077983 ], [ 9.60494389546427, 39.133463103018116 ], [ 9.604056307936789, 39.134526496061362 ], [ 9.604039453725411, 39.134585154301476 ], [ 9.604011376147859, 39.134684420403907 ], [ 9.603977704891152, 39.134806243096619 ], [ 9.603673368394364, 39.137443528267227 ], [ 9.603622136506154, 39.139065768213996 ], [ 9.603605289231746, 39.139633545481374 ], [ 9.604328790403635, 39.143391872874737 ], [ 9.60444615797944, 39.143584999639558 ], [ 9.604493097953004, 39.143661349964447 ], [ 9.604878569749006, 39.144082864940387 ], [ 9.605604148523115, 39.144863050363092 ], [ 9.60588286475061, 39.144978745180772 ], [ 9.606228250248451, 39.14494090417783 ], [ 9.606301359954976, 39.14486393013307 ], [ 9.606347220480034, 39.144814131796032 ], [ 9.606444648553479, 39.144705493441606 ] ] ], [ [ [ 9.603769851825252, 39.146876378288724 ], [ 9.60354290727912, 39.14672549355074 ], [ 9.603272516336522, 39.146738157227148 ], [ 9.602852596959066, 39.146857472482338 ], [ 9.602675733269789, 39.147151242857973 ], [ 9.60255777053797, 39.147397401462065 ], [ 9.602441400954547, 39.147830528691721 ], [ 9.602654233908439, 39.148192119430504 ], [ 9.603213684052795, 39.148657794920247 ], [ 9.603919371477183, 39.148630486421609 ], [ 9.604533379185693, 39.148370490783002 ], [ 9.605129661081532, 39.147898826667166 ], [ 9.605097982749735, 39.14774693099438 ], [ 9.604386197288941, 39.147060160740011 ], [ 9.604160898378272, 39.146932922626625 ], [ 9.603769851825252, 39.146876378288724 ] ] ], [ [ [ 9.605796119663912, 39.148527257099374 ], [ 9.605177608284299, 39.148261268746332 ], [ 9.604879486988114, 39.148414875602519 ], [ 9.604853217489923, 39.148894845351307 ], [ 9.604995156501037, 39.14976028598484 ], [ 9.60572028040801, 39.150142864438585 ], [ 9.605971857176733, 39.149790129525158 ], [ 9.606000522231147, 39.149590613424557 ], [ 9.605922301499314, 39.14924071933045 ], [ 9.605934458329642, 39.148971453624462 ], [ 9.605796119663912, 39.148527257099374 ] ] ], [ [ [ 9.605442960847089, 39.151036389245235 ], [ 9.605254195205193, 39.150785062949637 ], [ 9.604781716659799, 39.150850591949691 ], [ 9.60449431774936, 39.15090614909812 ], [ 9.604400447133413, 39.150924657986423 ], [ 9.603936095972722, 39.151602886271839 ], [ 9.603932141358372, 39.151647960961355 ], [ 9.603905077404326, 39.152035572327151 ], [ 9.604174155592048, 39.152205385273362 ], [ 9.604222005983209, 39.152218653731687 ], [ 9.604290150515627, 39.152236322454861 ], [ 9.604520654369486, 39.152293697767846 ], [ 9.604601124332822, 39.152230204111262 ], [ 9.604783602430921, 39.15208508192633 ], [ 9.60477999628171, 39.151832793916292 ], [ 9.604757374533799, 39.15172477997654 ], [ 9.605033204012875, 39.151669283142226 ], [ 9.605456888231243, 39.151311150291711 ], [ 9.605442960847089, 39.151036389245235 ] ] ] ] } }
]
}
